City_ID,City,Country,Max Temp,Current Description,Lat,Lng,Hotel Name
0,Atuona,PF,78.28,clear sky,-9.8,-139.0333,Villa Enata
1,Scottsbluff,US,48.78,clear sky,41.8666,-103.6672,Hampton Inn & Suites Scottsbluff-Conference Center
5,Katsuura,JP,48.24,broken clouds,35.1333,140.3,Katsuura Hotel Mikazuki
6,Ushuaia,AR,47.86,light rain,-54.8,-68.3,Albatross Hotel
7,Bredasdorp,ZA,76.28,clear sky,-34.5322,20.0403,Bredasdorp Country Manor
9,Busselton,AU,73.63,scattered clouds,-33.65,115.3333,Observatory Guest House
12,Masterton,NZ,67.95,overcast clouds,-40.9597,175.6575,Copthorne Hotel & Resort Solway Park Wairarapa
13,Guerrero Negro,MX,61.25,clear sky,27.9769,-114.0611,"Casa Laguna, Bed & Breakfast"
14,Hilo,US,69.53,light rain,19.7297,-155.09,Hilo Hawaiian Hotel
16,Hermanus,ZA,76.8,clear sky,-34.4187,19.2345,Misty Waves Boutique Hotel
17,Saldanha,ZA,64.45,scattered clouds,-33.0117,17.9442,Blue Bay Lodge
20,Airai,TL,67.28,overcast clouds,-8.9266,125.4092,
21,Mataura,NZ,53.47,clear sky,-46.1927,168.8643,Ellie's Villa
22,Severo-Kurilsk,RU,30.25,light snow,50.6789,156.125,Kak Doma
25,Ancud,CL,60.33,overcast clouds,-41.8697,-73.8203,Hotel Arena Gruesa
26,New Norfolk,AU,68.9,overcast clouds,-42.7826,147.0587,The Shingles Riverside Cottages
31,Rancho Palos Verdes,US,67.48,clear sky,33.7445,-118.387,Terranea Resort
34,Kapaa,US,74.12,overcast clouds,22.0752,-159.319,Sheraton Kauai Coconut Beach Resort
35,Port Alfred,ZA,79.48,clear sky,-33.5906,26.891,The Halyards Hotel
36,San Quintin,MX,59.16,scattered clouds,30.4833,-115.95,Don Eddie's Landing
37,Burnie,AU,66.94,scattered clouds,-41.0667,145.9167,Beachfront Voyager Motor Inn
39,Lubsko,PL,38.88,overcast clouds,51.7847,14.972,Duet Hotel i restauracja
40,Vaini,TO,75.36,light rain,-21.2,-175.2,Keleti Beach Resort
41,Japura,ID,78.46,overcast clouds,-0.3167,102.35,Rumah mbah Jamah
42,Drochtersen,DE,46.62,overcast clouds,53.7102,9.3846,Ferienwohnungen Schr√∂der
45,San Patricio,US,52.84,clear sky,28.017,-97.5169,"Motel 6 Sinton, TX"
46,Chuy,UY,60.93,clear sky,-33.6971,-53.4616,Nuevo Hotel Plaza
49,Puerto Ayora,EC,71.55,scattered clouds,-0.7393,-90.3518,Finch Bay Galapagos Hotel
50,Ponta Delgada,PT,59.5,few clouds,37.7333,-25.6667,Vila Nova Hotel
51,Avarua,CK,77.05,scattered clouds,-21.2078,-159.775,Paradise Inn
52,Bilma,NE,66.56,clear sky,18.6853,12.9164,Expeditions T√©n√©re voyages
53,Victoria,HK,68.18,broken clouds,22.2855,114.1577,Mini Hotel Central
54,Dahra,DZ,42.19,clear sky,36.2546,0.8519,Ein Mtabol
56,Sinop,TR,39.6,overcast clouds,41.7711,34.8709,
57,Hobart,AU,69.26,broken clouds,-42.8794,147.3294,Mantra on Collins Hobart
58,Salalah,OM,78.46,clear sky,17.0151,54.0924,"HAMDAN PLAZA HOTEL SALALAH, an HTG Hotel"
59,Bluff,NZ,53.8,few clouds,-46.6,168.3333,Bluff Homestead - Guesthouse & Campervan Park
60,Cao Bang,VN,55.78,overcast clouds,22.6667,106.25,kh√°ch s·∫°n 88
61,Nishihara,JP,69.85,broken clouds,26.1842,127.7558,Minshuku Agaihama
62,Asau,RO,37.96,overcast clouds,46.4333,26.4,Casa Mika Ciobanus
64,Saint George,US,49.35,clear sky,37.1041,-113.5841,Best Western Plus Abbey Inn
65,Punta Arenas,CL,48.31,broken clouds,-53.15,-70.9167,Hotel Hain
67,Coari,BR,71.56,overcast clouds,-4.085,-63.1414,HOTEL ALEX FLAT
70,Alenquer,BR,75.54,overcast clouds,-1.9417,-54.7383,Detinha Hotel
71,Kushima,JP,48.24,overcast clouds,31.4583,131.2333,Hanaoka
73,Rajapur,IN,79.72,clear sky,25.3833,81.15,Sahu Ji Galla Mills
74,Mar Del Plata,AR,59.88,scattered clouds,-38.0023,-57.5575,Gran Hotel Mar del Plata
76,Marsh Harbour,BS,73.08,clear sky,26.5412,-77.0636,Abaco Beach Resort
78,Lebu,CL,58.05,overcast clouds,-37.6167,-73.65,Hostal Las Lilas
79,Flinders,AU,75.2,few clouds,-34.5833,150.8552,Shellharbour Resort & Conference Centre
80,Andenes,NO,31.98,clear sky,69.3143,16.1194,Hotell Marena
83,Hammerfest,NO,31.73,clear sky,70.6634,23.6821,Skytterhuset
84,Kaihua,CN,63.64,few clouds,23.3687,104.28,Zhongyu Hotel
86,Rikitea,PF,78.91,overcast clouds,-23.1203,-134.9692,People ThankYou
87,Vila Velha,BR,76.95,few clouds,-20.3297,-40.2925,Quality Suites Vila Velha
89,Narragansett,US,43.02,moderate rain,41.4501,-71.4495,Hampton Inn South Kingstown - Newport Area
92,Aden,YE,78.46,broken clouds,12.7794,45.0367,Sama Emirate Hotel
94,Biankouma,CI,71.19,scattered clouds,7.7391,-7.6138,H√¥tel Licolais
95,Plettenberg Bay,ZA,75.04,clear sky,-34.0527,23.3716,Thanda Vista B&B
96,San Cristobal,VE,64.76,broken clouds,7.7669,-72.225,Posada Villaven C.A.
97,Castro,BR,61.47,overcast clouds,-24.7911,-50.0119,CHACARA BAILLY
98,Ewa Beach,US,75.15,few clouds,21.3156,-158.0072,Uncle Junior Robert
102,Mantua,IT,45.7,clear sky,45.1667,10.7833,Hotel la Favorita
103,Cape Town,ZA,78.1,few clouds,-33.9258,18.4232,Southern Sun Waterfront Cape Town
104,Shache,CN,34.23,overcast clouds,38.4167,77.2406,Delong Hotel
105,Suwa,JP,39.72,overcast clouds,36.038,138.1131,RAKO ËèØ‰πÉ‰∫ï„Éõ„ÉÜ„É´
106,Christchurch,NZ,63.95,scattered clouds,-43.5333,172.6333,The George
107,Albany,US,34.92,overcast clouds,42.6001,-73.9662,
108,East London,ZA,77.94,clear sky,-33.0153,27.9116,Tu Casa
111,Monterey,US,42.1,clear sky,36.2505,-121.2516,
114,Caravelas,BR,75.42,overcast clouds,-17.7125,-39.2481,Pousada dos Navegantes
116,Shingu,JP,45.91,overcast clouds,33.7333,135.9833,Shingu UI Hotel
117,Praia Da Vitoria,PT,57.76,broken clouds,38.7333,-27.0667,Hotel Branco I
118,Sao Jose Da Coroa Grande,BR,77.49,few clouds,-8.8978,-35.1478,Cr√¥a Mares Hotel
120,Puerto Escondido,MX,74.77,clear sky,15.85,-97.0667,Aldea del Bazar Hotel and Spa
121,Tessalit,ML,65.89,clear sky,20.1986,1.0114,
124,Bethel,US,37.08,light snow,41.3712,-73.414,Courtyard by Marriott Danbury
125,Kavaratti,IN,79.16,broken clouds,10.5669,72.642,Hotels in Lakshadweep Islands
128,Vila Franca Do Campo,PT,59.2,overcast clouds,37.7167,-25.4333,Pestana Bahia Praia
129,Tura,IN,70.11,clear sky,25.5198,90.2201,Hotel RIKMAN Continental
130,Jahanabad,IN,75.76,clear sky,25.2167,84.9833,TENI BIGHA
132,Comodoro Rivadavia,AR,75.06,clear sky,-45.8667,-67.5,Austral Hotel
136,Lompoc,US,59.13,clear sky,34.6391,-120.4579,"Holiday Inn Express Lompoc, an IHG Hotel"
138,Carutapera,BR,75.78,overcast clouds,-1.195,-46.02,Lidera
140,Sompeta,IN,78.67,few clouds,18.9333,84.6,Netaji's Home
141,Fernie,CA,40.6,overcast clouds,49.5,-115.0687,Fernie Stanford Resort
147,Nikolskoye,RU,31.89,snow,59.7035,30.7861,Tourist House - Sablino
149,Huty,UA,34.0,snow,50.1332,35.3439,
150,Broome,US,32.2,overcast clouds,42.2506,-75.833,Chenango Valley State Park
151,Alofi,NU,73.29,overcast clouds,-19.0595,-169.9187,Taloa Heights
152,Grindavik,IS,30.67,light snow,63.8424,-22.4338,Northern Light Inn & Max's Restaurant
153,Jacareacanga,BR,72.1,overcast clouds,-6.2222,-57.7528,Casa do Ianüòé
154,Bardiyah,LY,58.46,broken clouds,31.7561,25.0865,ÿ®Ÿàÿ±ÿ™Ÿà ÿ®ÿ±ÿØŸäÿ©
156,Redmond,US,46.51,scattered clouds,47.674,-122.1215,Seattle Marriott Redmond
157,Puerto Maldonado,PE,68.88,broken clouds,-12.6,-69.1833,Wasai Hotel
159,Itarema,BR,77.45,scattered clouds,-2.9248,-39.9167,"Sea Lounge! Bar, Club & Restaurant"
160,Ati,TD,74.57,few clouds,13.2154,18.3353,
161,Brae,GB,42.71,overcast clouds,60.3964,-1.353,Busta House Hotel
162,Kaifeng,CN,47.26,overcast clouds,34.7911,114.3483,Pullman Kaifeng Jianye
163,Inegol,TR,43.88,light rain,40.0781,29.5133,Hotel Park Ineg√∂l
164,Traiguen,CL,51.08,scattered clouds,-38.25,-72.6833,Hospedaje Sonnia
165,Port Elizabeth,ZA,73.69,clear sky,-33.918,25.5701,39 On Nile Guest House
167,Tsevie,TG,79.68,scattered clouds,6.4261,1.2133,Hotel Melissa
169,Nantucket,US,48.31,moderate rain,41.2835,-70.0995,Jared Coffin House
170,Camacha,PT,60.22,scattered clouds,33.0833,-16.3333,Hotel Porto Santo & Spa
173,Asyut,EG,55.58,clear sky,27.181,31.1837,ŸÅŸÜÿØŸÇ ŸÖŸäÿ≥ ÿ•Ÿäÿ¨Ÿäÿ®ÿ™ Miss Egypt Hotel
175,Bereda,ES,42.42,clear sky,43.2686,-7.5406,Pazo de Verdes
176,Prince Rupert,CA,42.49,light rain,54.3161,-130.3201,Crest Hotel
177,Fortuna,US,46.65,overcast clouds,40.5982,-124.1573,Super 8 by Wyndham Fortuna
180,Lamar,US,39.52,clear sky,33.6668,-95.5836,Kings Inn Paris TX
183,Bonthe,SL,75.24,overcast clouds,7.5264,-12.505,Bonthe Holiday Village
184,Harper,LR,79.54,moderate rain,4.375,-7.7169,Screensaver
185,Biak,ID,77.94,overcast clouds,-0.9131,122.8766,Penginapan Kim
186,Veracruz,MX,60.87,overcast clouds,19.3333,-96.6667,El Carrizal
188,Zlitan,LY,58.89,scattered clouds,32.4674,14.5687,ÿßŸÑŸÇÿ≥ŸÖ ÿßŸÑÿØÿßÿÆŸÑŸä ŸÑŸÑÿ¨ÿßŸÖÿπÿ© ÿßŸÑÿ£ÿ≥ŸÖÿ±Ÿäÿ©
189,Key West,US,73.4,few clouds,24.5557,-81.7826,Fairfield Inn & Suites by Marriott Key West
190,Roma,US,30.43,overcast clouds,43.2128,-75.4557,Wingate By Wyndham Rome
191,Waipawa,NZ,65.44,overcast clouds,-41.4122,175.5153,Tora Coastal Walk
192,Faya,SA,61.32,clear sky,18.3851,42.4509,ÿßŸÖŸÑÿßŸÉ ÿÆÿßŸÑÿØ ÿßŸÑÿ¥ÿπÿ¥Ÿàÿπ
195,Kodiak,US,35.11,light rain,57.79,-152.4072,Best Western Kodiak Inn And Convention Center
199,Sychevka,RU,30.29,overcast clouds,55.8252,34.2736,
200,Belmonte,BR,79.3,broken clouds,-15.8631,-38.8828,Pousada Monte Carmelo O P√£o
202,Bathsheba,BB,74.01,few clouds,13.2167,-59.5167,Atlantis Hotel
203,Esmeraldas,BR,68.86,overcast clouds,-19.7625,-44.3139,Bom Ser√° - Marcinho e Fernanda
204,Sardarshahr,IN,72.95,clear sky,28.4333,74.4833,Hotel Moti Mahal
207,Puerto Rico,AR,56.16,clear sky,-26.796,-55.024,Hotel Caba√±as del Prado
208,Sur,OM,71.74,clear sky,22.5667,59.5289,Sur Plaza Hotel
210,Ketchikan,US,41.47,moderate rain,55.3422,-131.6461,Snow's Cove Lodge
211,Tiznit,MA,60.17,clear sky,29.5833,-9.5,
213,Arraial Do Cabo,BR,74.88,overcast clouds,-22.9661,-42.0278,Pousada Porto Praia
214,Illapel,CL,67.01,clear sky,-31.6308,-71.1653,Hotel Londres
215,Fomboni,KM,78.64,moderate rain,-12.28,43.7425,Auberge les abou
217,Deming,US,38.25,clear sky,32.2687,-107.7586,Best Western Deming Southwest Inn
218,Geilo,NO,32.4,few clouds,60.5333,8.2076,Havsdalsgrenda Geilo
221,Taltal,CL,64.74,scattered clouds,-25.4,-70.4833,Residencial Karime
224,Necochea,AR,51.04,clear sky,-38.5473,-58.7368,dyd -mar Hotel
226,Cidreira,BR,64.24,clear sky,-30.1811,-50.2056,Hotel Castelo
227,Adrar,MR,61.16,broken clouds,20.5022,-10.0711,
228,Rotnes,NO,36.52,broken clouds,60.0571,10.8614,Ditt rom
231,Beyneu,KZ,32.02,broken clouds,45.3167,55.2,NUR
232,Mastic Beach,US,39.25,moderate rain,40.7668,-72.8521,Brushwood House by Smith Point Beach
233,Marzuq,YE,69.49,scattered clouds,14.4,46.4667,
234,Constitucion,CL,59.54,overcast clouds,-35.3333,-72.4167,Hotel Boutique Las Azucenas
235,Santa Cruz,BO,74.66,few clouds,-17.8,-63.1667,Aviador Hotel Boutique
237,Marawi,PH,72.64,overcast clouds,7.9986,124.2928,Derogongan Residence
239,Huarmey,PE,70.34,overcast clouds,-10.0681,-78.1522,Hotel Miramar
240,Juneau,US,37.4,light rain,58.3019,-134.4197,"Baranof Downtown, Bw Signature Collection"
242,Hohhot,CN,32.29,clear sky,40.8106,111.6522,Sheraton Hohhot Hotel
244,Awbari,LY,60.4,broken clouds,26.5921,12.7805,ŸÅŸÜÿØŸÇ ÿ£Ÿàÿ®ÿßÿ±Ÿä
251,Goreloye,RU,32.88,light snow,52.937,41.5043,Berendey
252,Shieli,KZ,36.23,overcast clouds,44.1667,66.75,Gostinitsa Aybek Shieli
254,Vila Do Maio,CV,65.19,clear sky,15.1333,-23.2167,Hotel Marilu
255,Gisborne,NZ,68.95,overcast clouds,-38.6533,178.0042,ASURE Alfresco Motor Lodge
256,Carbonia,IT,38.05,clear sky,39.1672,8.5222,Lu 'Hotel
257,Vestmannaeyjar,IS,30.34,snow,63.4427,-20.2734,Glamping & Camping
261,Coruripe,BR,79.88,overcast clouds,-10.1256,-36.1756,Pousada e Hotel Litoral Sul
262,Lagunas,PE,70.86,overcast clouds,-5.2269,-75.6753,Hospedaje Eco
263,Oum Hadjer,TD,73.65,clear sky,13.2954,19.6966,
265,Concepcion,CL,55.2,clear sky,-36.827,-73.0498,Hotel El Araucano
266,Itoman,JP,69.4,scattered clouds,26.1247,127.6694,Southern Beach Hotel & Resort Okinawa
267,Sezemice,CZ,38.44,clear sky,50.0665,15.8527,Hotel Hurka
268,Cabo San Lucas,MX,67.51,clear sky,22.8909,-109.9124,Hotel Tesoro Los Cabos
270,Lucapa,AO,73.13,moderate rain,-8.4192,20.7447,Resid√™ncia Ulisses Dos Santos
272,Ahuimanu,US,74.46,few clouds,21.4447,-157.8378,Paradise Bay Resort
273,Makakilo City,US,73.29,clear sky,21.3469,-158.0858,Marriott's Ko Olina Beach Club
276,Mahajanga,MG,77.02,moderate rain,-15.7167,46.3167,Restaurant Greedy Coco Lodge Majunga
278,Freetown,SL,76.26,overcast clouds,8.484,-13.2299,The Country Lodge Hotel
280,Ponta Do Sol,PT,63.23,clear sky,32.6667,-17.1,Hotel do Campo
281,Were Ilu,ET,61.92,overcast clouds,10.6,39.4333,
282,Bandarbeyla,SO,79.21,broken clouds,9.4942,50.8122,JABIR HOTEL
285,Ahipara,NZ,73.92,scattered clouds,-35.1667,173.1667,Ahipara Holiday Park
286,Puerto Del Rosario,ES,67.68,clear sky,28.5004,-13.8627,Hotel JM Puerto del Rosario
287,Ribeira Grande,PT,59.4,few clouds,38.5167,-28.7,Quinta da Meia Eira
288,Killarney,IE,52.9,overcast clouds,52.05,-9.5167,Cahernane House Hotel - Killarney Hotel
289,Pisco,PE,66.02,broken clouds,-13.7,-76.2167,Hotel San Isidro Oficial
290,Shimoda,JP,48.56,broken clouds,34.6667,138.95,Shimoda Tokyu Hotel
292,The Valley,AI,76.86,scattered clouds,18.217,-63.0578,CeBlue Villas & Beach Resort
293,Kosonsoy,UZ,39.76,overcast clouds,41.2561,71.5508,"–ì–æ—Å—Ç–∏–Ω–∏—Ü–∞ ""Goldstar'"
294,Asfi,MA,64.81,clear sky,32.2994,-9.2372,H√¥tel Abda
297,Sao Filipe,CV,71.55,clear sky,14.8961,-24.4956,Hotel Xaguate
298,Lobez,PL,38.32,overcast clouds,53.6392,15.6213,Hotel i Restauracja ≈öwiƒôtoborzec
299,Rodrigues Alves,BR,68.58,light rain,-7.738,-72.6509,Pousada Aconchego
300,Baft,IR,43.79,clear sky,29.234,56.6057,Paeez Hotel & restaurant
301,Roanoke Rapids,US,37.09,overcast clouds,36.4615,-77.6542,Hampton Inn Roanoke Rapids
302,Golden,US,39.78,clear sky,39.7555,-105.2211,"The Golden Hotel, Ascend Hotel Collection"
303,Lusambo,CD,72.91,overcast clouds,-4.9667,23.45,
305,Alekseyevka,RU,33.12,snow,50.6309,38.6903,Apartment on Ploshchad Pobedy
306,Sao Joao Da Barra,BR,75.18,overcast clouds,-21.6403,-41.0511,Pousada Porto De Canoas
307,Jining,CN,45.73,overcast clouds,35.405,116.5814,Yunhe Star Hotel
308,Copiapo,CL,64.33,clear sky,-27.3667,-70.3333,San Francisco de La Selva
310,Te Anau,NZ,62.62,clear sky,-45.4167,167.7167,Kingsgate Hotel Te Anau
313,Northam,GB,51.39,few clouds,51.0333,-4.2167,Durrant House Hotel
314,Tabou,CI,79.41,light rain,4.423,-7.3528,hot√™l doufoulougou
315,Gazanjyk,TM,48.18,clear sky,39.2446,55.5154,Railway motel
319,North Bend,US,48.92,clear sky,43.4065,-124.2243,Red Lion Hotel Coos Bay
320,Seoul,KR,42.19,clear sky,37.5683,126.9778,LOTTE Hotel Seoul
321,Itaobim,BR,69.33,overcast clouds,-16.5667,-41.8333,
323,Svetlyy,RU,37.45,light rain,54.675,20.1347,"Gostinitsa-Kafe, Alena"
324,Luganville,VU,79.68,moderate rain,-15.5333,167.1667,The Espiritu Hotel
325,Hualmay,PE,69.6,overcast clouds,-11.0964,-77.6139,Hotel Villa Kitzia Huacho
326,Wawa,NG,78.64,few clouds,9.9022,4.4192,
327,Serro,BR,63.72,overcast clouds,-18.6047,-43.3794,Pousada Mariana
329,Penapolis,BR,66.88,broken clouds,-21.4197,-50.0775,Bigs Hotel
330,Kahului,US,73.85,few clouds,20.8947,-156.47,Maui Seaside Hotel
331,Atar,MR,67.37,broken clouds,20.5169,-13.0499,Oumou Elghoura
332,Collie,AU,76.53,scattered clouds,-33.3667,116.15,Collie Ridge
334,Uyuni,BO,50.83,scattered clouds,-20.4597,-66.825,Hostal La Magia de Uyuni
335,Dinkelsbuhl,DE,38.39,overcast clouds,49.0694,10.3199,Goldenes Lamm
336,Los Llanos De Aridane,ES,60.55,clear sky,28.6585,-17.9182,Valle Aridane
337,Laguna,US,55.94,clear sky,38.421,-121.4238,"Holiday Inn Express & Suites Elk Grove Central - Hwy 99, an IHG Hotel"
339,Ajdabiya,LY,60.87,clear sky,30.7554,20.2263,Almadina Hotel
341,Sitka,US,44.49,light rain,57.0531,-135.33,Westmark Sitka
342,Port Pirie,AU,79.0,light rain,-33.1833,138.0167,John Pirie Motor Inn
344,Bella Union,UY,59.02,clear sky,-30.2752,-57.6007,Saville Free Shop
346,Port Hardy,CA,44.76,light rain,50.6996,-127.4199,Airport Inn-Port Hardy
348,Oeiras,BR,72.9,overcast clouds,-7.0253,-42.1311,Hotel SESC Oeiras
349,Santiago,CL,70.99,clear sky,-33.4569,-70.6483,Che Lagarto Hostel Santiago
350,Dakoro,NE,67.91,clear sky,14.5106,6.765,Shagon mai liverpool
351,Touros,BR,76.1,overcast clouds,-5.1989,-35.4608,INN NEW HORIZON
352,Leticia,CO,71.51,light rain,-4.2153,-69.9406,Hotel Amazon Bed and Breakfast / Hotel Amazon B&B
354,Thai Binh,VN,63.95,overcast clouds,20.45,106.3333,Sweden Hotel
357,Pajan,EC,72.1,moderate rain,-1.5667,-80.4167,Cecadel
358,Doctor Arroyo,MX,41.05,overcast clouds,23.6667,-100.1833,Hotel Plaza
359,Hershey,US,35.01,clear sky,40.2859,-76.6503,Days Inn by Wyndham Hershey
360,Tuatapere,NZ,52.83,clear sky,-46.1333,167.6833,Ron and Tony's Bed & Breakfast
363,Hanna,CA,33.85,clear sky,51.6334,-111.9018,West View Motel
364,Kijang,KR,43.41,clear sky,35.2442,129.2139,Samyang Beach Villa
367,Busayra,JO,53.46,few clouds,30.7376,35.6078,Matan Eco Villege
368,Fukue,JP,47.64,overcast clouds,32.6881,128.8419,Goto Guesthouse Utojuku & SA Car Rental
370,Zimovniki,RU,38.12,overcast clouds,47.1483,42.4633,"Dom Priyezzhikh, Gostinitsa"
371,Strathmore,CA,38.82,clear sky,51.0501,-113.3852,Wheatland Hotel
373,Galveston,US,49.96,scattered clouds,29.3669,-94.9669,Crystal Suites
374,Ponoka,CA,35.11,clear sky,52.6768,-113.5815,Ponoka Stampeder Inn
375,Klaksvik,FO,32.92,overcast clouds,62.2266,-6.589,Airbnb rooms
377,Unai,BR,68.11,overcast clouds,-16.3575,-46.9061,Hotel Regente
379,Sao Mateus Do Sul,BR,60.8,overcast clouds,-25.8742,-50.3828,Hotel Dom Leopoldo
380,Taiyuan,CN,39.06,clear sky,37.8694,112.5603,Jinjiang Inn
382,Qandala,SO,78.96,clear sky,11.472,49.8728,
383,Maragogi,BR,77.04,few clouds,-9.0122,-35.2225,Salinas do Maragogi All Inclusive Resort
384,Komsomolskiy,UZ,44.02,mist,40.4272,71.7189,Ikathouse
389,Never,FR,32.65,clear sky,46.9896,3.159,H√¥tel Kyriad Nevers Centre
391,Moctezuma,MX,48.51,clear sky,29.8,-109.6667,Hotel Lobohombo
392,Mo I Rana,NO,31.32,shower snow,66.3128,14.1428,Babettes Hotell
393,Raudeberg,NO,38.07,overcast clouds,61.9875,5.1352,Nordre Silda.
396,Cerritos,US,68.27,clear sky,33.8583,-118.0648,Sheraton Cerritos Hotel
398,Arvika,SE,41.61,broken clouds,59.6553,12.5852,Clarion Collection Hotel Bristol
399,Puerto Penasco,MX,62.69,clear sky,31.3167,-113.5333,Playa Bonita Resort
401,Alassio,IT,55.49,clear sky,44.0039,8.1671,Hotel Toscana
402,Jumla,NP,46.22,clear sky,29.2747,82.1838,Royal Garden Hotel
408,Hasaki,JP,43.29,overcast clouds,35.7333,140.8333,Hotel Sunrise Choshi
409,Lagoa,PT,59.13,overcast clouds,39.05,-27.9833,Casa Das Faias
410,Havre,FR,48.6,overcast clouds,49.5833,0.3333,gite bois jourdain
412,Bayshore Gardens,US,56.14,clear sky,27.4253,-82.5904,Ramada by Wyndham Sarasota Waterfront
413,Pineville,US,34.32,clear sky,31.3224,-92.4343,"Country Inn & Suites by Radisson, Pineville, LA"
414,Launceston,AU,74.84,broken clouds,-41.45,147.1667,Hotel Grand Chancellor Launceston
417,Newport,GB,52.25,overcast clouds,51.5877,-2.9984,ibis budget Newport
419,Amarante Do Maranhao,BR,70.16,overcast clouds,-5.5667,-46.7422,Hot√©is Ca√ßulinha
420,Rio Gallegos,AR,50.05,clear sky,-51.6226,-69.2181,Hotel Santa Cruz
422,Jasper,US,38.82,clear sky,37.2001,-94.3502,Guest House Motel
427,Pemangkat,ID,79.43,overcast clouds,1.1667,108.9667,Ramah Kost KITA
428,La Palma,US,68.31,clear sky,33.8464,-118.0467,La Quinta Inn & Suites by Wyndham Buena Park
430,Hervey Bay,AU,78.04,clear sky,-25.2986,152.8535,Shelly Bay Resort
431,Nalut,LY,52.16,clear sky,30.3333,10.85,
432,Cedar City,US,31.39,clear sky,37.6775,-113.0619,Hampton Inn Cedar City
434,Grand-Santi,GF,70.74,overcast clouds,4.25,-54.3833,Hotel La Villa Couacou
436,Curvelo,BR,67.93,moderate rain,-18.7564,-44.4308,Pontal Plaza Hotel
438,Freeport,US,38.41,overcast clouds,40.6576,-73.5832,The Freeport Inn and Marina
439,Itororo,BR,68.81,overcast clouds,-15.1169,-40.0703,Hotel Indiana
442,Madison,US,35.76,clear sky,34.7334,-86.5667,Embassy Suites by Hilton Huntsville Hotel & Spa
443,Ulladulla,AU,72.77,scattered clouds,-35.35,150.4667,Sandpiper Motel
444,Porto Walter,BR,68.85,broken clouds,-8.2686,-72.7439,Secretaria de sa√∫de
446,Las Palmas,ES,59.79,clear sky,28.4204,-14.0131,Casillas De Morales 59.
447,Port Lincoln,AU,68.9,clear sky,-34.7333,135.8667,Port Lincoln Hotel
450,Mayo,US,36.95,mist,38.8876,-76.5119,Resorts Resource Group International
451,Moron,AR,64.96,clear sky,-34.6534,-58.6198,Hotel Mor√≥n
452,Ermoupolis,GR,55.29,broken clouds,37.4423,24.9425,Ploes
453,Liwale,TZ,75.49,light rain,-9.7667,37.9333,Samoma lodge
454,Kirakira,SB,79.61,light rain,-10.4544,161.9205,SanBiz Lodge
456,Santa Maria,BR,56.88,clear sky,-29.6842,-53.8069,Hotel Morotin
457,Bodden Town,KY,73.92,clear sky,19.2833,-81.25,Will T Place
458,Challapata,BO,43.0,scattered clouds,-18.9,-66.7667,HOSTAL MARIAN
460,Ibotirama,BR,74.21,overcast clouds,-12.1853,-43.2206,Serra do Rio Hotel
461,Mormugao,IN,77.86,few clouds,15.4,73.8,Coconut Creek Resort
462,Portland,US,45.03,clear sky,45.5234,-122.6762,Embassy Suites by Hilton Portland Downtown
465,Port Macquarie,AU,72.9,clear sky,-31.4333,152.9167,Rydges Port Macquarie
466,Praia,CV,64.94,few clouds,14.9215,-23.5087,LT Aparthotel
467,Bloemfontein,ZA,77.72,clear sky,-29.1211,26.214,aha Bloemfontein Hotel
468,Dubrovytsya,UA,32.9,overcast clouds,51.5744,26.565,Druzhba
470,Sinnamary,GF,76.55,overcast clouds,5.3833,-52.95,ALETHEIA Appartement Sinnamary
471,Abu Samrah,SY,55.83,scattered clouds,35.3029,37.1841,
472,Kaitangata,NZ,58.93,clear sky,-46.2817,169.8464,Kaitangata Motor Camp
473,Dunedin,NZ,57.79,clear sky,-45.8742,170.5036,Scenic Hotel Southern Cross
477,Ruteng,ID,70.52,moderate rain,-8.6136,120.4721,Hotel FX 72
482,Waddan,LY,56.41,overcast clouds,29.1614,16.139,ŸÖÿ≠ŸÑ ÿßŸÑÿ¥ÿ±ŸäŸÅ ŸÖÿ≠ŸÖÿØ ÿßŸÑÿπÿßŸäÿ®
483,Durazno,UY,54.93,clear sky,-33.4131,-56.5006,Hotel Santa Cristina
484,Sistranda,NO,40.89,overcast clouds,63.7256,8.834,Hotell Fr√∏ya
485,Lanquin,GT,63.12,broken clouds,15.5667,-89.9667,Yaxlik River Lodge
486,Lazaro Cardenas,MX,70.0,clear sky,17.9583,-102.2,quinta antigua
487,Kyrnasivka,UA,34.09,overcast clouds,48.5955,28.979,
488,Antofagasta,CL,61.88,broken clouds,-23.65,-70.4,"Holiday Inn Express Antofagasta, an IHG Hotel"
492,Saint-Georges,GD,75.76,broken clouds,12.0564,-61.7485,Radisson Grenada Beach Resort
493,Iquitos,PE,71.64,light rain,-3.7481,-73.2472,Casa Morey Hotel & Restaurant
494,Rock Sound,BS,74.25,few clouds,24.9,-76.2,Pink Corral Bay Property
495,Rawson,AR,74.73,overcast clouds,-43.3002,-65.1023,Hosteria Sampedro
499,Mulege,MX,59.49,clear sky,26.8833,-111.9833,Casa Granada
500,Vao,NC,79.84,broken clouds,-22.6667,167.4833,Hotel Kou-Bugny
502,Byron Bay,AU,76.87,clear sky,-28.65,153.6167,Backpackers Inn
506,Belize,BZ,67.24,few clouds,17.25,-88.75,Villa San Juan
508,Presidencia Roque Saenz Pena,AR,61.57,clear sky,-26.7852,-60.4388,Hotel Gualok
509,Whitianga,NZ,75.02,overcast clouds,-36.8333,175.7,Beachside Resort Whitianga
510,Imperia,IT,48.42,clear sky,43.9667,7.7833,La Stregatta
511,Rengo,CL,58.03,clear sky,-34.4167,-70.8667,Hostal Cartagena
512,Bensonville,LR,76.55,overcast clouds,6.4461,-10.6125,Moinga
513,Porbandar,IN,75.52,clear sky,21.6422,69.6093,Lords Inn Porbandar
514,Wellington,NZ,68.77,broken clouds,-41.2866,174.7756,CityLife Wellington
515,Half Moon Bay,US,57.61,mist,37.4636,-122.4286,"The Ritz-Carlton, Half Moon Bay"
519,Lata,PT,50.05,clear sky,40.1629,-8.3327,Casa Maquia
522,Moerai,PF,79.48,light rain,-22.4333,-151.3333,Le Manotel
523,Grimshaw,CA,32.83,few clouds,56.1834,-117.6027,Coast Grimshaw Hotel & Suites
524,Malatya,TR,33.85,broken clouds,38.5,38.0,
525,Korla,CN,33.01,clear sky,41.7597,86.1469,Gulisitan Hotel
526,Mwinilunga,ZM,68.18,light rain,-11.7358,24.4293,Kwakuwahi Lodge
527,La Ronge,CA,33.21,overcast clouds,55.1001,-105.2842,Northland Motor Hotel
528,Agadez,NE,65.44,clear sky,19.75,10.25,
532,Savannah Bight,HN,75.99,clear sky,16.45,-85.85,Villa on Dunbar Rock
533,Manacapuru,BR,75.78,overcast clouds,-3.2997,-60.6206,Novo Hotel
534,Esperance,AU,68.59,few clouds,-33.8667,121.9,Hospitality Esperance
537,Upata,VE,72.19,broken clouds,8.0086,-62.3989,Posada Villa Nela
541,Kamenka,RU,31.75,overcast clouds,51.3223,42.7678,
543,Abha,SA,62.85,few clouds,18.2164,42.5053,Abha Hotel
544,Cacoal,BR,71.8,moderate rain,-11.4386,-61.4472,Hotel BR 364
546,Trinidad,BO,67.98,broken clouds,-14.8333,-64.9,Hotel Piesta
547,Telesti,RO,39.87,clear sky,45.0,23.0833,Agropensiunea iris
548,Nacozari,MX,50.05,clear sky,25.3366,-108.2574,
552,Chacabuco,AR,53.13,clear sky,-34.6417,-60.4739,Club de Pesca Caza y Balneario
554,Margate,GB,51.96,broken clouds,51.3813,1.3862,Premier Inn Margate hotel
555,Senador Jose Porfirio,BR,72.5,heavy intensity rain,-2.5908,-51.9542,Pousada Novo Horizonte
556,Najran,SA,66.07,scattered clouds,17.4924,44.1277,ŸÖÿ≠ŸÖÿØ ŸáÿßÿØŸä ÿßŸÑ ŸÅÿ∑Ÿäÿ≠
557,Coos Bay,US,48.99,overcast clouds,43.3665,-124.2179,Best Western Holiday Hotel
559,Yuxia,CN,38.61,overcast clouds,34.0615,108.6291,Shanchengxuan Hotel
561,Naze,JP,59.72,broken clouds,28.3667,129.4833,Shishime Hotel
562,Porto De Moz,BR,72.05,moderate rain,-1.7483,-52.2383,Dormit√≥rio labelle
563,Sao Francisco,BR,68.92,overcast clouds,-15.9486,-44.8644,Hotel Supremo
564,Bushehr,IR,61.72,clear sky,28.9684,50.8385,Yas Hostel
565,Chifeng,CN,32.59,clear sky,42.2683,118.9636,Junyu Tiancheng Hotel
567,Fort-Shevchenko,KZ,38.34,scattered clouds,44.5086,50.263,Oasis hotel Bautino
569,Mount Darwin,ZW,76.19,light rain,-16.7725,31.5838,
570,Buraydah,SA,61.32,clear sky,26.326,43.975,ŸÅŸÜÿØŸÇ ÿ±ÿßÿ≠ÿ© ÿßŸÑÿ≥ŸÑÿßŸÖ
571,Muisne,EC,74.25,light rain,0.6,-80.0333,Quinta Samay
573,Peterhead,GB,43.2,scattered clouds,57.5058,-1.7981,Palace Hotel
576,Kuryk,KZ,39.42,few clouds,43.2,51.65,Gostinitsa Kuryk - Otel' Dlya Vsekh Kategoriy Kliyentov .
578,Neyshabur,IR,41.09,clear sky,36.2133,58.7958,Amiran Hotel
580,Zaozerne,UA,46.94,overcast clouds,45.1582,33.2787,"Molodozhnyy Lager' ""Pioner"""
581,Cocorit,MX,59.0,clear sky,27.5833,-109.9667,Kaba Motel
584,Margarita,PA,74.98,few clouds,9.3314,-79.8889,Meli√° Panam√° Canal
585,Acarau,BR,77.16,scattered clouds,-2.8856,-40.12,castelo pizzaria
586,Arlit,NE,69.3,clear sky,18.7369,7.3853,Case de Passage De la Prefecture
588,Rudsar,IR,50.05,overcast clouds,37.1376,50.288,Hotel Bahar
592,Bose,IT,44.2,clear sky,45.4612,8.0137,Locanda Borgo Antico
593,Alexandria,EG,62.02,few clouds,31.2156,29.9553,Royal Crown Hotel
594,Peniche,PT,54.93,clear sky,39.3558,-9.3811,Hotel Star inn Peniche
597,Pampa,US,38.57,clear sky,35.5362,-100.9599,"Holiday Inn Express & Suites Pampa, an IHG Hotel"
598,Avera,US,42.67,overcast clouds,33.194,-82.5271,
599,Podor,MR,71.73,clear sky,16.6527,-14.9587,Auberge Du T√©krour
601,Nurota,UZ,41.09,broken clouds,40.5614,65.6886,Guest House Ruslan Nurata & Tours
602,Lerwick,GB,41.0,overcast clouds,60.1545,-1.1494,The Lerwick Hotel
606,Namibe,AO,74.93,overcast clouds,-15.1961,12.1522,Hotel Chik Chik Namibe
607,Teguise,ES,64.62,clear sky,29.0605,-13.564,B&B La Casona de Nazaret
608,Beidao,CN,31.05,overcast clouds,34.5686,105.8933,Shell Tianshui Maiji District Erma Road Walking Street Hotel
609,Yuanping,CN,35.62,clear sky,38.7153,112.7575,Yuanping Xinghe Guesthouse
610,Ipixuna,BR,76.95,overcast clouds,-1.7625,-48.8043,Casa da Oscarina
613,Rutana,BI,63.59,overcast clouds,-3.8667,30.1,Failles des Allemands
614,Lasa,IT,31.03,scattered clouds,46.6166,10.7002,Pension Feldg√§rtenhof
615,Khani,GE,38.77,scattered clouds,41.9563,42.9566,·Éô·É£·É†·Éù·É†·É¢·Éò ·Éñ·Éî·Éô·Éê·É†·Éò/Resort Zekari
618,Granadilla De Abona,ES,67.98,clear sky,28.1188,-16.576,Hotel Rural Senderos De Abona
620,Stornoway,GB,39.16,broken clouds,58.2093,-6.3865,Caladh Inn
621,Bell Ville,AR,56.23,clear sky,-32.6259,-62.6887,Hotel Central
622,Indianola,US,31.91,clear sky,41.3581,-93.5574,Quality Inn Indianola
623,Lyuban,BY,31.06,overcast clouds,52.7985,28.0048,"Gostinitsa ""Oressa"""
626,Mizdah,LY,50.79,clear sky,31.4451,12.9801,ŸÖÿ≠ŸÖÿØÿßŸÑŸÖÿ®ÿ±ŸàŸÉ ÿßŸÑÿßÿ±ŸäŸÇÿ∑
627,Sorland,NO,35.46,overcast clouds,67.667,12.6934,Sjybrygga fiskecamp
628,Mayumba,GA,79.7,overcast clouds,-3.432,10.6554,LIKWALE LODGE
629,Balkanabat,TM,48.38,clear sky,39.5108,54.3671,Nebitchi Hotel
630,Greeneville,US,37.4,scattered clouds,36.1632,-82.831,General Morgan Inn and Conference Center
631,Miracema Do Tocantins,BR,72.19,overcast clouds,-9.5618,-48.3967,Miami Apart Hotel
633,Coquimbo,CL,60.53,clear sky,-29.9533,-71.3436,Hostel Del Puerto
640,Coahuayana,MX,66.99,clear sky,18.7333,-103.6833,El rranchito michuacan de ocampos
642,Lydenburg,ZA,78.4,clear sky,-25.0978,30.4597,The Palms Boutique Hotel
643,Iwaki,JP,44.02,scattered clouds,37.05,140.8833,Toyoko Inn Iwaki Ekimae
645,Tahlequah,US,40.28,clear sky,35.9154,-94.97,Oak Hill Inn and Suites
646,Kidal,ML,66.27,clear sky,18.4411,1.4078,
647,Taoudenni,ML,64.4,clear sky,22.6783,-3.9836,
649,Shiraz,IR,47.64,clear sky,29.6036,52.5388,Kowsar Hotel
650,Vestmanna,FO,31.12,light snow,62.1564,-7.1664,Vestmanna Camping
653,Torata,PE,57.24,overcast clouds,-17.0769,-70.8433,Lodging Sra. Tina Vera
656,Ucluelet,CA,44.1,broken clouds,48.9329,-125.5528,Black Rock Oceanfront Resort
658,Morro Bay,US,55.33,clear sky,35.3658,-120.8499,Inn at Morro Bay
661,Lumeje,AO,68.07,light rain,-11.55,20.7833,
663,Danane,CI,69.8,overcast clouds,7.2596,-8.155,Lmd
664,Boa Vista,BR,76.98,clear sky,2.8197,-60.6733,Aipana Plaza Hotel
665,Harnosand,SE,32.0,light snow,62.6323,17.9379,First Hotel Stadt
667,Nizwa,OM,72.57,clear sky,22.9333,57.5333,Orient Apartments
669,Potiskum,NG,71.92,clear sky,11.7091,11.0694,Yobe NYSC Orietation Camp Dazigau
671,Iranshahr,IR,65.07,clear sky,27.2025,60.6848,ŸÜ€å⁄© ÿ≥ÿ±ÿ¥ÿ™
673,Kasungu,MW,75.13,overcast clouds,-13.0333,33.4833,Mame Motel
674,Taguatinga,BR,70.59,overcast clouds,-12.3857,-46.5711,
675,Eureka,US,46.92,few clouds,40.8021,-124.1637,Eureka Inn Trademark By Wyndham
676,Vienne,AT,43.81,few clouds,48.2085,16.3721,Hotel Royal
679,Millinocket,US,33.82,snow,45.6573,-68.7098,Katahdin Inn & Suites
680,Bom Jesus,BR,72.66,broken clouds,-9.0744,-44.3586,Hotel Bras√£o & Floricultura Bella Flor
683,Elk City,US,41.22,clear sky,35.412,-99.4043,Hampton Inn & Suites Elk City
684,Myitkyina,MM,78.46,clear sky,25.3833,97.4,Shwe Phyu Hotel
685,Pierre,US,46.27,clear sky,44.3683,-100.351,Ramkota Hotel
686,Marsala,IT,54.0,clear sky,37.7966,12.4352,Villa Favorita Hotel e Resort
688,Riyadh,SA,62.74,clear sky,24.6877,46.7219,"InterContinental Riyadh, an IHG Hotel"
690,Voh,NC,79.57,overcast clouds,-20.9667,164.7,Le g√Æte du Koniambo
691,Puerto Carreno,CO,76.01,overcast clouds,6.189,-67.4859,Casa Hotel Victoria
693,Hangu,CN,46.44,clear sky,39.2489,117.7892,Chongli Xuexiang Family Express Inn
694,Buchanan,LR,76.96,overcast clouds,5.8808,-10.0467,Kamaneahn Hotel Inc
695,Talcahuano,CL,55.08,clear sky,-36.7167,-73.1167,departamento comodo
696,Natal,BR,75.85,scattered clouds,-5.795,-35.2094,Villa Park Hotel | Natal
697,Corinto,GR,45.9,broken clouds,37.9407,22.9573,Ephira Hotel
698,Wanning,CN,73.81,overcast clouds,18.8003,110.3967,Paradise Hotel
699,Gbarnga,LR,72.39,broken clouds,6.9956,-9.4722,Passion Hotel 2
701,Jadu,LY,45.72,few clouds,31.953,12.0261,ÿßŸÖŸäÿßÿ≥ ŸÑŸÑÿµÿ±ÿßŸÅÿ©
702,Andradas,BR,66.06,overcast clouds,-22.0681,-46.5692,Andradas Palace Hotel
703,Melbu,NO,35.38,light snow,68.5044,14.8297,Melbu Hotel
704,Romny,UA,32.54,overcast clouds,50.751,33.4747,Floriana
705,Tchibanga,GA,78.3,overcast clouds,-2.85,11.0333,
706,East Wenatchee Bench,US,42.13,clear sky,47.4257,-120.2812,Coast Wenatchee Center Hotel
707,Tartus,SY,63.5,broken clouds,34.889,35.8866,ÿÆŸäŸÖÿ© ŸÜÿ®ÿ±ÿßÿ≥ ŸÑŸÑÿßÿ¨ÿ¶ŸäŸÜ
