City_ID,City,Country,Lat,Lng,Max Temp,Humidity,Cloudiness,Wind Speed,Current Description
0,Atuona,PF,-9.8,-139.0333,78.28,75,1,18.32,clear sky
1,Scottsbluff,US,41.8666,-103.6672,48.78,29,0,18.99,clear sky
2,Srednekolymsk,RU,67.45,153.6833,-39.39,99,54,4.88,broken clouds
3,Tiruchchendur,IN,8.4833,78.1167,93.49,59,2,15.1,clear sky
4,Kilinochchi,LK,9.3961,80.3982,83.41,52,10,10.65,clear sky
5,Katsuura,JP,35.1333,140.3,48.24,79,62,6.02,broken clouds
6,Ushuaia,AR,-54.8,-68.3,47.86,87,100,11.5,light rain
7,Bredasdorp,ZA,-34.5322,20.0403,76.28,78,0,1.14,clear sky
8,Yellowknife,CA,62.456,-114.3525,-8.59,83,100,12.66,light snow
9,Busselton,AU,-33.65,115.3333,73.63,58,34,10.31,scattered clouds
10,Upernavik,GL,72.7868,-56.1549,-15.47,86,100,11.25,overcast clouds
11,Khatanga,RU,71.9667,102.5,-8.46,91,100,15.01,overcast clouds
12,Masterton,NZ,-40.9597,175.6575,67.95,98,100,2.21,overcast clouds
13,Guerrero Negro,MX,27.9769,-114.0611,61.25,48,0,2.3,clear sky
14,Hilo,US,19.7297,-155.09,69.53,92,100,4.61,light rain
15,Clyde River,CA,70.4692,-68.5914,-32.57,68,100,3.44,overcast clouds
16,Hermanus,ZA,-34.4187,19.2345,76.8,75,2,6.46,clear sky
17,Saldanha,ZA,-33.0117,17.9442,64.45,79,47,11.05,scattered clouds
18,Madras,IN,13.0878,80.2785,87.78,64,20,13.8,few clouds
19,Nanortalik,GL,60.1432,-45.2371,10.98,65,2,52.9,clear sky
20,Airai,TL,-8.9266,125.4092,67.28,88,100,1.52,overcast clouds
21,Mataura,NZ,-46.1927,168.8643,53.47,83,0,1.45,clear sky
22,Severo-Kurilsk,RU,50.6789,156.125,30.25,92,57,16.51,light snow
23,Saint-Philippe,RE,-21.3585,55.7679,83.79,85,100,12.48,light rain
24,Thompson,CA,55.7435,-97.8558,15.96,86,100,2.3,overcast clouds
25,Ancud,CL,-41.8697,-73.8203,60.33,95,100,5.95,overcast clouds
26,New Norfolk,AU,-42.7826,147.0587,68.9,51,100,1.99,overcast clouds
27,Iqaluit,CA,63.7506,-68.5145,-4.27,64,100,16.11,overcast clouds
28,Ostersund,SE,63.1792,14.6357,28.85,86,20,11.5,few clouds
29,Ust-Tsilma,RU,65.441,52.1498,13.32,94,100,6.31,overcast clouds
30,Leningradskiy,RU,69.3833,178.4167,-27.89,90,7,5.01,clear sky
31,Rancho Palos Verdes,US,33.7445,-118.387,67.48,37,0,1.01,clear sky
32,Phan Thiet,VN,10.9333,108.1,86.29,55,89,20.76,overcast clouds
33,Waingapu,ID,-9.6567,120.2641,83.34,77,100,5.21,overcast clouds
34,Kapaa,US,22.0752,-159.319,74.12,77,100,14.97,overcast clouds
35,Port Alfred,ZA,-33.5906,26.891,79.48,64,2,4.59,clear sky
36,San Quintin,MX,30.4833,-115.95,59.16,35,49,1.52,scattered clouds
37,Burnie,AU,-41.0667,145.9167,66.94,71,42,8.63,scattered clouds
38,Mahibadhoo,MV,3.7833,72.9667,82.36,68,82,13.42,broken clouds
39,Lubsko,PL,51.7847,14.972,38.88,84,100,13.53,overcast clouds
40,Vaini,TO,-21.2,-175.2,75.36,100,100,4.61,light rain
41,Japura,ID,-0.3167,102.35,78.46,83,100,4.23,overcast clouds
42,Drochtersen,DE,53.7102,9.3846,46.62,89,100,19.44,overcast clouds
43,Maun,BW,-19.9833,23.4167,80.98,42,6,9.82,clear sky
44,Narsaq,GL,60.9167,-46.05,-7.42,74,34,9.33,scattered clouds
45,San Patricio,US,28.017,-97.5169,52.84,60,3,5.66,clear sky
46,Chuy,UY,-33.6971,-53.4616,60.93,77,6,6.33,clear sky
47,Tuktoyaktuk,CA,69.4541,-133.0374,-34.13,100,100,6.38,overcast clouds
48,Farafangana,MG,-22.8167,47.8333,82.92,83,100,13.89,light rain
49,Puerto Ayora,EC,-0.7393,-90.3518,71.55,85,27,4.25,scattered clouds
50,Ponta Delgada,PT,37.7333,-25.6667,59.5,72,20,6.91,few clouds
51,Avarua,CK,-21.2078,-159.775,77.05,88,40,10.36,scattered clouds
52,Bilma,NE,18.6853,12.9164,66.56,12,0,7.61,clear sky
53,Victoria,HK,22.2855,114.1577,68.18,72,53,4.0,broken clouds
54,Dahra,DZ,36.2546,0.8519,42.19,71,0,3.94,clear sky
55,Qaanaaq,GL,77.484,-69.3632,-8.81,85,100,5.1,overcast clouds
56,Sinop,TR,41.7711,34.8709,39.6,87,100,17.43,overcast clouds
57,Hobart,AU,-42.8794,147.3294,69.26,66,75,13.8,broken clouds
58,Salalah,OM,17.0151,54.0924,78.46,21,0,19.17,clear sky
59,Bluff,NZ,-46.6,168.3333,53.8,83,11,16.15,few clouds
60,Cao Bang,VN,22.6667,106.25,55.78,92,100,3.31,overcast clouds
61,Nishihara,JP,26.1842,127.7558,69.85,70,75,25.32,broken clouds
62,Asau,RO,46.4333,26.4,37.96,57,92,10.83,overcast clouds
63,Mahebourg,MU,-20.4081,57.7,84.49,70,75,11.5,broken clouds
64,Saint George,US,37.1041,-113.5841,49.35,39,0,6.91,clear sky
65,Punta Arenas,CL,-53.15,-70.9167,48.31,76,75,16.11,broken clouds
66,Vaitape,PF,-16.5167,-151.75,81.48,79,99,19.15,overcast clouds
67,Coari,BR,-4.085,-63.1414,71.56,99,98,0.63,overcast clouds
68,Georgetown,MY,5.4112,100.3354,91.33,74,20,8.05,few clouds
69,Cayenne,GF,4.9333,-52.3333,80.1,85,100,3.0,overcast clouds
70,Alenquer,BR,-1.9417,-54.7383,75.54,97,98,2.98,overcast clouds
71,Kushima,JP,31.4583,131.2333,48.24,92,100,5.41,overcast clouds
72,Butaritari,KI,3.0707,172.7902,82.62,76,38,17.78,light rain
73,Rajapur,IN,25.3833,81.15,79.72,23,0,4.29,clear sky
74,Mar Del Plata,AR,-38.0023,-57.5575,59.88,85,40,3.44,scattered clouds
75,Padang,ID,-0.9492,100.3543,87.85,66,50,5.32,scattered clouds
76,Marsh Harbour,BS,26.5412,-77.0636,73.08,65,0,5.64,clear sky
77,Husavik,IS,66.0449,-17.3389,28.31,67,100,15.32,overcast clouds
78,Lebu,CL,-37.6167,-73.65,58.05,87,95,14.25,overcast clouds
79,Flinders,AU,-34.5833,150.8552,75.2,67,19,4.52,few clouds
80,Andenes,NO,69.3143,16.1194,31.98,74,0,23.02,clear sky
81,Souillac,MU,-20.5167,57.5167,84.58,70,75,11.5,broken clouds
82,Mezhdurechensk,RU,53.6942,88.0603,19.94,82,99,2.93,overcast clouds
83,Hammerfest,NO,70.6634,23.6821,31.73,69,0,11.5,clear sky
84,Kaihua,CN,23.3687,104.28,63.64,59,19,12.86,few clouds
85,Tommot,RU,58.9564,126.2925,1.67,97,100,1.41,overcast clouds
86,Rikitea,PF,-23.1203,-134.9692,78.91,75,100,14.52,overcast clouds
87,Vila Velha,BR,-20.3297,-40.2925,76.95,87,20,9.22,few clouds
88,Tazovskiy,RU,67.4667,78.7,-5.49,91,100,14.07,overcast clouds
89,Narragansett,US,41.4501,-71.4495,43.02,84,100,9.22,moderate rain
90,Pevek,RU,69.7008,170.3133,-28.26,98,36,2.68,scattered clouds
91,Batagay-Alyta,RU,67.8006,130.4114,-30.06,95,68,3.83,broken clouds
92,Aden,YE,12.7794,45.0367,78.46,70,72,16.67,broken clouds
93,Torbay,CA,47.6666,-52.7314,25.39,90,75,12.66,broken clouds
94,Biankouma,CI,7.7391,-7.6138,71.19,35,32,1.9,scattered clouds
95,Plettenberg Bay,ZA,-34.0527,23.3716,75.04,51,0,5.14,clear sky
96,San Cristobal,VE,7.7669,-72.225,64.76,83,81,2.04,broken clouds
97,Castro,BR,-24.7911,-50.0119,61.47,90,100,5.44,overcast clouds
98,Ewa Beach,US,21.3156,-158.0072,75.15,70,20,8.05,few clouds
99,Saskylakh,RU,71.9167,114.0833,-5.6,88,98,10.58,overcast clouds
100,Paamiut,GL,61.994,-49.6678,-4.63,84,100,10.54,light snow
101,Baruun-Urt,MN,46.6806,113.2792,14.52,64,31,18.61,scattered clouds
102,Mantua,IT,45.1667,10.7833,45.7,63,0,3.0,clear sky
103,Cape Town,ZA,-33.9258,18.4232,78.1,67,20,10.36,few clouds
104,Shache,CN,38.4167,77.2406,34.23,38,100,2.64,overcast clouds
105,Suwa,JP,36.038,138.1131,39.72,64,86,3.69,overcast clouds
106,Christchurch,NZ,-43.5333,172.6333,63.95,73,39,12.66,scattered clouds
107,Albany,US,42.6001,-73.9662,34.92,94,100,3.85,overcast clouds
108,East London,ZA,-33.0153,27.9116,77.94,78,0,5.75,clear sky
109,Mount Gambier,AU,-37.8333,140.7667,89.51,14,75,12.66,broken clouds
110,Qasigiannguit,GL,68.8193,-51.1922,-11.83,92,100,6.8,overcast clouds
111,Monterey,US,36.2505,-121.2516,42.1,1,0,3.04,clear sky
112,Cherskiy,RU,68.75,161.3,-36.94,100,34,1.74,scattered clouds
113,Aklavik,CA,68.2191,-135.0107,-35.57,95,100,2.19,overcast clouds
114,Caravelas,BR,-17.7125,-39.2481,75.42,88,100,4.65,overcast clouds
115,Tiksi,RU,71.6872,128.8694,-25.02,99,49,5.53,scattered clouds
116,Shingu,JP,33.7333,135.9833,45.91,68,100,1.99,overcast clouds
117,Praia Da Vitoria,PT,38.7333,-27.0667,57.76,94,75,3.33,broken clouds
118,Sao Jose Da Coroa Grande,BR,-8.8978,-35.1478,77.49,77,17,4.65,few clouds
119,Dikson,RU,73.5069,80.5464,5.95,91,100,24.63,overcast clouds
120,Puerto Escondido,MX,15.85,-97.0667,74.77,85,9,3.8,clear sky
121,Tessalit,ML,20.1986,1.0114,65.89,11,2,5.84,clear sky
122,Tyup,KG,42.7276,78.3648,28.81,70,100,1.39,overcast clouds
123,Yeppoon,AU,-23.1333,150.7333,82.18,63,6,10.54,clear sky
124,Bethel,US,41.3712,-73.414,37.08,93,100,5.41,light snow
125,Kavaratti,IN,10.5669,72.642,79.16,70,58,11.36,broken clouds
126,Ossora,RU,59.2353,163.0719,6.69,93,100,8.5,overcast clouds
127,Tasiilaq,GL,65.6145,-37.6368,12.54,86,100,5.68,overcast clouds
128,Vila Franca Do Campo,PT,37.7167,-25.4333,59.2,80,100,6.76,overcast clouds
129,Tura,IN,25.5198,90.2201,70.11,39,3,5.23,clear sky
130,Jahanabad,IN,25.2167,84.9833,75.76,36,0,6.33,clear sky
131,Carnarvon,AU,-24.8667,113.6333,86.07,51,0,20.71,clear sky
132,Comodoro Rivadavia,AR,-45.8667,-67.5,75.06,35,0,14.97,clear sky
133,Aksarka,RU,66.5606,67.7975,-1.43,96,100,10.51,overcast clouds
134,Povenets,RU,62.8487,34.8262,16.92,95,100,7.34,light snow
135,Sabang,ID,5.8933,95.3214,82.13,73,96,12.57,overcast clouds
136,Lompoc,US,34.6391,-120.4579,59.13,87,0,9.22,clear sky
137,Port Augusta,AU,-32.5,137.7667,85.71,48,100,12.73,overcast clouds
138,Carutapera,BR,-1.195,-46.02,75.78,91,100,4.18,overcast clouds
139,Mananjary,MG,-21.2167,48.3333,85.78,70,100,9.71,overcast clouds
140,Sompeta,IN,18.9333,84.6,78.67,57,16,9.31,few clouds
141,Fernie,CA,49.5,-115.0687,40.6,100,88,2.33,overcast clouds
142,Saint Anthony,US,45.0205,-93.218,16.29,78,0,8.05,clear sky
143,Maxixe,MZ,-23.8597,35.3472,82.22,78,40,12.66,scattered clouds
144,Maniitsoq,GL,65.4167,-52.9,-1.03,91,100,7.31,light snow
145,Khandyga,RU,62.6667,135.6,-16.11,93,100,1.57,overcast clouds
146,Chokurdakh,RU,70.6333,147.9167,-43.71,100,94,5.41,overcast clouds
147,Nikolskoye,RU,59.7035,30.7861,31.89,96,97,6.15,snow
148,Mildura,AU,-34.2,142.15,90.07,19,40,10.36,scattered clouds
149,Huty,UA,50.1332,35.3439,34.0,100,100,4.14,snow
150,Broome,US,42.2506,-75.833,32.2,78,100,3.0,overcast clouds
151,Alofi,NU,-19.0595,-169.9187,73.29,94,100,5.75,overcast clouds
152,Grindavik,IS,63.8424,-22.4338,30.67,93,100,40.29,light snow
153,Jacareacanga,BR,-6.2222,-57.7528,72.1,99,100,0.81,overcast clouds
154,Bardiyah,LY,31.7561,25.0865,58.46,49,52,20.4,broken clouds
155,Samarai,PG,-10.6167,150.6667,82.71,75,39,6.73,scattered clouds
156,Redmond,US,47.674,-122.1215,46.51,85,30,2.46,scattered clouds
157,Puerto Maldonado,PE,-12.6,-69.1833,68.88,91,76,1.3,broken clouds
158,Talnakh,RU,69.4865,88.3972,-5.8,96,100,10.13,overcast clouds
159,Itarema,BR,-2.9248,-39.9167,77.45,83,41,6.96,scattered clouds
160,Ati,TD,13.2154,18.3353,74.57,11,22,12.1,few clouds
161,Brae,GB,60.3964,-1.353,42.71,67,99,31.36,overcast clouds
162,Kaifeng,CN,34.7911,114.3483,47.26,38,100,5.28,overcast clouds
163,Inegol,TR,40.0781,29.5133,43.88,85,81,6.73,light rain
164,Traiguen,CL,-38.25,-72.6833,51.08,96,46,3.6,scattered clouds
165,Port Elizabeth,ZA,-33.918,25.5701,73.69,68,0,3.44,clear sky
166,Fairbanks,US,64.8378,-147.7164,-1.91,73,100,4.61,overcast clouds
167,Tsevie,TG,6.4261,1.2133,79.68,75,30,3.38,scattered clouds
168,Ilulissat,GL,69.2167,-51.1,-10.21,94,100,7.36,overcast clouds
169,Nantucket,US,41.2835,-70.0995,48.31,93,100,13.8,moderate rain
170,Camacha,PT,33.0833,-16.3333,60.22,77,40,13.8,scattered clouds
171,Faanui,PF,-16.4833,-151.75,81.48,79,100,19.19,overcast clouds
172,Lanzhou,CN,36.0564,103.7922,24.08,55,93,4.63,overcast clouds
173,Asyut,EG,27.181,31.1837,55.58,25,0,4.21,clear sky
174,Isangel,VU,-19.55,169.2667,80.26,87,100,15.3,moderate rain
175,Bereda,ES,43.2686,-7.5406,42.42,100,8,1.25,clear sky
176,Prince Rupert,CA,54.3161,-130.3201,42.49,93,100,46.04,light rain
177,Fortuna,US,40.5982,-124.1573,46.65,95,100,10.36,overcast clouds
178,Jamestown,US,42.097,-79.2353,26.24,86,100,9.22,overcast clouds
179,Norman Wells,CA,65.282,-126.8329,-25.56,62,75,6.91,light snow
180,Lamar,US,33.6668,-95.5836,39.52,64,0,4.61,clear sky
181,Inhambane,MZ,-23.865,35.3833,82.38,78,40,12.66,scattered clouds
182,Martapura,ID,-3.4167,114.85,89.69,62,40,3.44,scattered clouds
183,Bonthe,SL,7.5264,-12.505,75.24,90,100,5.03,overcast clouds
184,Harper,LR,4.375,-7.7169,79.54,80,56,4.83,moderate rain
185,Biak,ID,-0.9131,122.8766,77.94,84,97,4.81,overcast clouds
186,Veracruz,MX,19.3333,-96.6667,60.87,71,100,1.77,overcast clouds
187,Deputatskiy,RU,69.3,139.9,-34.8,99,96,3.94,overcast clouds
188,Zlitan,LY,32.4674,14.5687,58.89,68,44,22.73,scattered clouds
189,Key West,US,24.5557,-81.7826,73.4,87,20,8.05,few clouds
190,Roma,US,43.2128,-75.4557,30.43,98,91,2.59,overcast clouds
191,Waipawa,NZ,-41.4122,175.5153,65.44,95,100,4.68,overcast clouds
192,Faya,SA,18.3851,42.4509,61.32,45,1,7.36,clear sky
193,Provideniya,RU,64.3833,-173.3,-17.0,83,1,11.05,clear sky
194,Haines Junction,CA,60.7522,-137.5108,28.35,69,100,8.05,overcast clouds
195,Kodiak,US,57.79,-152.4072,35.11,93,100,3.44,light rain
196,Nome,US,64.5011,-165.4064,-7.53,49,0,23.02,clear sky
197,Barrow,US,71.2906,-156.7887,-33.99,100,18,6.67,few clouds
198,Balabac,PH,7.9868,117.0645,82.87,73,100,14.05,overcast clouds
199,Sychevka,RU,55.8252,34.2736,30.29,88,99,13.62,overcast clouds
200,Belmonte,BR,-15.8631,-38.8828,79.3,84,59,3.24,broken clouds
201,Churapcha,RU,62.0025,132.4325,-24.11,99,88,2.33,overcast clouds
202,Bathsheba,BB,13.2167,-59.5167,74.01,73,20,11.5,few clouds
203,Esmeraldas,BR,-19.7625,-44.3139,68.86,98,99,2.39,overcast clouds
204,Sardarshahr,IN,28.4333,74.4833,72.95,36,0,6.64,clear sky
205,Bambous Virieux,MU,-20.3428,57.7575,84.45,70,75,11.5,broken clouds
206,Zhezkazgan,KZ,47.8043,67.7144,19.38,93,75,6.71,broken clouds
207,Puerto Rico,AR,-26.796,-55.024,56.16,57,0,0.65,clear sky
208,Sur,OM,22.5667,59.5289,71.74,52,4,12.46,clear sky
209,Belaya Gora,RU,68.5333,146.4167,-46.17,100,88,2.01,overcast clouds
210,Ketchikan,US,55.3422,-131.6461,41.47,87,100,20.71,moderate rain
211,Tiznit,MA,29.5833,-9.5,60.17,30,4,11.01,clear sky
212,Bengkulu,ID,-3.8004,102.2655,84.65,67,82,12.91,broken clouds
213,Arraial Do Cabo,BR,-22.9661,-42.0278,74.88,92,97,8.28,overcast clouds
214,Illapel,CL,-31.6308,-71.1653,67.01,74,0,2.08,clear sky
215,Fomboni,KM,-12.28,43.7425,78.64,87,100,27.04,moderate rain
216,Izazi,TZ,-7.2,35.7333,81.43,63,84,1.7,broken clouds
217,Deming,US,32.2687,-107.7586,38.25,47,0,1.41,clear sky
218,Geilo,NO,60.5333,8.2076,32.4,83,23,14.81,few clouds
219,Mogadishu,SO,2.0371,45.3438,82.27,69,0,17.27,clear sky
220,Saint-Pierre,RE,-21.3393,55.4781,83.88,70,100,9.22,overcast clouds
221,Taltal,CL,-25.4,-70.4833,64.74,84,27,1.97,scattered clouds
222,Moroni,KM,-11.7022,43.2551,87.8,70,40,11.5,moderate rain
223,Uyemskiy,RU,64.4743,40.8524,14.05,85,100,6.71,overcast clouds
224,Necochea,AR,-38.5473,-58.7368,51.04,89,0,7.49,clear sky
225,Pangnirtung,CA,66.1451,-65.7125,-15.59,94,100,5.61,overcast clouds
226,Cidreira,BR,-30.1811,-50.2056,64.24,84,0,8.72,clear sky
227,Adrar,MR,20.5022,-10.0711,61.16,13,64,10.04,broken clouds
228,Rotnes,NO,60.0571,10.8614,36.52,92,52,3.42,broken clouds
229,Kisangani,CD,0.5167,25.2,88.27,41,5,3.31,clear sky
230,Bereznik,RU,62.8551,42.7072,14.95,93,100,7.45,overcast clouds
231,Beyneu,KZ,45.3167,55.2,32.02,65,83,1.9,broken clouds
232,Mastic Beach,US,40.7668,-72.8521,39.25,90,100,12.66,moderate rain
233,Marzuq,YE,14.4,46.4667,69.49,26,35,6.22,scattered clouds
234,Constitucion,CL,-35.3333,-72.4167,59.54,71,85,5.21,overcast clouds
235,Santa Cruz,BO,-17.8,-63.1667,74.66,64,20,13.8,few clouds
236,Henties Bay,NA,-22.116,14.2845,72.86,86,100,3.67,overcast clouds
237,Marawi,PH,7.9986,124.2928,72.64,88,99,5.03,overcast clouds
238,Yuzhno-Kurilsk,RU,44.0306,145.8556,24.31,80,37,4.92,scattered clouds
239,Huarmey,PE,-10.0681,-78.1522,70.34,83,99,6.4,overcast clouds
240,Juneau,US,58.3019,-134.4197,37.4,95,100,27.63,light rain
241,Hamilton,US,39.1834,-84.5333,20.12,86,82,2.59,broken clouds
242,Hohhot,CN,40.8106,111.6522,32.29,21,0,6.71,clear sky
243,Hithadhoo,MV,-0.6,73.0833,82.63,68,100,14.79,overcast clouds
244,Awbari,LY,26.5921,12.7805,60.4,15,68,6.06,broken clouds
245,Yerbogachen,RU,61.2767,108.0108,-7.01,93,100,7.4,overcast clouds
246,Lavrentiya,RU,65.5833,-171.0,-29.27,93,50,10.49,scattered clouds
247,Bontang,ID,0.1333,117.5,83.82,67,61,8.28,broken clouds
248,Berlevag,NO,70.8578,29.0864,23.0,80,0,24.16,clear sky
249,Codrington,AU,-38.2667,141.9667,87.4,20,59,12.44,broken clouds
250,Kenai,US,60.5544,-151.2583,25.14,86,100,16.24,overcast clouds
251,Goreloye,RU,52.937,41.5043,32.88,99,100,9.19,light snow
252,Shieli,KZ,44.1667,66.75,36.23,66,93,3.65,overcast clouds
253,Dingle,PH,10.9995,122.6711,83.01,70,92,13.33,overcast clouds
254,Vila Do Maio,CV,15.1333,-23.2167,65.19,76,0,11.99,clear sky
255,Gisborne,NZ,-38.6533,178.0042,68.95,93,100,4.7,overcast clouds
256,Carbonia,IT,39.1672,8.5222,38.05,60,2,4.97,clear sky
257,Vestmannaeyjar,IS,63.4427,-20.2734,30.34,80,100,40.82,snow
258,Arbazh,RU,57.6804,48.3065,16.21,94,82,8.14,broken clouds
259,Krasnyy Chikoy,RU,50.3643,108.7512,21.92,82,97,1.01,overcast clouds
260,Shagonar,RU,51.5333,92.8,1.72,84,55,1.54,broken clouds
261,Coruripe,BR,-10.1256,-36.1756,79.88,70,88,9.08,overcast clouds
262,Lagunas,PE,-5.2269,-75.6753,70.86,100,100,0.58,overcast clouds
263,Oum Hadjer,TD,13.2954,19.6966,73.65,12,1,10.16,clear sky
264,Port-Gentil,GA,-0.7193,8.7815,80.56,89,40,4.61,scattered clouds
265,Concepcion,CL,-36.827,-73.0498,55.2,94,0,4.61,clear sky
266,Itoman,JP,26.1247,127.6694,69.4,72,40,25.32,scattered clouds
267,Sezemice,CZ,50.0665,15.8527,38.44,74,0,11.99,clear sky
268,Cabo San Lucas,MX,22.8909,-109.9124,67.51,55,0,4.21,clear sky
269,Geraldton,AU,-28.7667,114.6,81.01,39,0,23.02,clear sky
270,Lucapa,AO,-8.4192,20.7447,73.13,82,100,3.06,moderate rain
271,Longyearbyen,SJ,78.2186,15.6401,19.24,86,100,12.66,light snow
272,Ahuimanu,US,21.4447,-157.8378,74.46,72,15,5.01,few clouds
273,Makakilo City,US,21.3469,-158.0858,73.29,70,4,14.18,clear sky
274,Kushmurun,KZ,52.4503,64.6311,27.3,94,99,16.26,light snow
275,Moose Factory,CA,51.2585,-80.6094,-18.4,76,0,1.14,clear sky
276,Mahajanga,MG,-15.7167,46.3167,77.02,94,75,12.66,moderate rain
277,Kharp,RU,66.8014,65.8081,-3.44,99,100,3.13,overcast clouds
278,Freetown,SL,8.484,-13.2299,76.26,82,97,4.03,overcast clouds
279,Tautira,PF,-17.7333,-149.15,82.42,81,85,20.71,light rain
280,Ponta Do Sol,PT,32.6667,-17.1,63.23,62,0,8.23,clear sky
281,Were Ilu,ET,10.6,39.4333,61.92,49,95,3.6,overcast clouds
282,Bandarbeyla,SO,9.4942,50.8122,79.21,59,59,17.85,broken clouds
283,Port Hedland,AU,-20.3167,118.5667,86.05,74,40,11.5,scattered clouds
284,Bras-Panon,RE,-20.9967,55.6782,83.86,95,100,9.22,light rain
285,Ahipara,NZ,-35.1667,173.1667,73.92,95,34,7.02,scattered clouds
286,Puerto Del Rosario,ES,28.5004,-13.8627,67.68,48,0,5.75,clear sky
287,Ribeira Grande,PT,38.5167,-28.7,59.4,63,20,10.36,few clouds
288,Killarney,IE,52.05,-9.5167,52.9,100,100,16.11,overcast clouds
289,Pisco,PE,-13.7,-76.2167,66.02,94,78,2.84,broken clouds
290,Shimoda,JP,34.6667,138.95,48.56,53,51,11.7,broken clouds
291,Lorengau,PG,-2.0226,147.2712,82.53,79,100,7.7,overcast clouds
292,The Valley,AI,18.217,-63.0578,76.86,70,33,18.41,scattered clouds
293,Kosonsoy,UZ,41.2561,71.5508,39.76,69,100,2.55,overcast clouds
294,Asfi,MA,32.2994,-9.2372,64.81,43,0,7.07,clear sky
295,Tual,ID,-5.6667,132.75,84.29,72,83,8.43,broken clouds
296,Ayan,RU,56.45,138.1667,10.2,87,100,2.35,overcast clouds
297,Sao Filipe,CV,14.8961,-24.4956,71.55,72,0,4.85,clear sky
298,Lobez,PL,53.6392,15.6213,38.32,92,100,16.87,overcast clouds
299,Rodrigues Alves,BR,-7.738,-72.6509,68.58,99,96,1.54,light rain
300,Baft,IR,29.234,56.6057,43.79,23,0,4.85,clear sky
301,Roanoke Rapids,US,36.4615,-77.6542,37.09,100,100,3.44,overcast clouds
302,Golden,US,39.7555,-105.2211,39.78,53,8,1.01,clear sky
303,Lusambo,CD,-4.9667,23.45,72.91,92,100,1.61,overcast clouds
304,Mae Ramat,TH,16.984,98.5166,89.92,15,23,8.12,few clouds
305,Alekseyevka,RU,50.6309,38.6903,33.12,100,100,8.99,snow
306,Sao Joao Da Barra,BR,-21.6403,-41.0511,75.18,90,100,2.53,overcast clouds
307,Jining,CN,35.405,116.5814,45.73,31,100,4.05,overcast clouds
308,Copiapo,CL,-27.3667,-70.3333,64.33,70,0,1.05,clear sky
309,Hofn,IS,64.2539,-15.2082,29.86,61,72,41.7,light snow
310,Te Anau,NZ,-45.4167,167.7167,62.62,74,0,0.76,clear sky
311,Mehamn,NO,71.0357,27.8492,28.58,74,0,19.57,clear sky
312,Zhigansk,RU,66.7697,123.3711,-27.24,96,95,10.58,overcast clouds
313,Northam,GB,51.0333,-4.2167,51.39,89,13,16.11,few clouds
314,Tabou,CI,4.423,-7.3528,79.41,80,34,4.54,light rain
315,Gazanjyk,TM,39.2446,55.5154,48.18,47,0,5.23,clear sky
316,Karratha,AU,-20.7377,116.8463,88.65,62,63,11.74,broken clouds
317,Yar-Sale,RU,66.8333,70.8333,2.44,86,100,16.33,overcast clouds
318,Banda Aceh,ID,5.5577,95.3222,83.48,71,100,12.77,overcast clouds
319,North Bend,US,43.4065,-124.2243,48.92,100,1,6.67,clear sky
320,Seoul,KR,37.5683,126.9778,42.19,21,0,8.05,clear sky
321,Itaobim,BR,-16.5667,-41.8333,69.33,96,100,1.14,overcast clouds
322,Hambantota,LK,6.1241,81.1185,86.34,66,40,4.61,heavy intensity rain
323,Svetlyy,RU,54.675,20.1347,37.45,91,100,16.44,light rain
324,Luganville,VU,-15.5333,167.1667,79.68,87,100,9.22,moderate rain
325,Hualmay,PE,-11.0964,-77.6139,69.6,83,98,6.31,overcast clouds
326,Wawa,NG,9.9022,4.4192,78.64,18,11,4.23,few clouds
327,Serro,BR,-18.6047,-43.3794,63.72,96,95,1.92,overcast clouds
328,Quelimane,MZ,-17.8786,36.8883,84.15,79,40,8.05,scattered clouds
329,Penapolis,BR,-21.4197,-50.0775,66.88,96,76,5.64,broken clouds
330,Kahului,US,20.8947,-156.47,73.85,82,21,7.0,few clouds
331,Atar,MR,20.5169,-13.0499,67.37,11,53,7.56,broken clouds
332,Collie,AU,-33.3667,116.15,76.53,46,28,10.38,scattered clouds
333,Ellisras,ZA,-23.6649,27.7443,80.55,44,0,4.7,clear sky
334,Uyuni,BO,-20.4597,-66.825,50.83,59,37,6.38,scattered clouds
335,Dinkelsbuhl,DE,49.0694,10.3199,38.39,82,99,12.8,overcast clouds
336,Los Llanos De Aridane,ES,28.6585,-17.9182,60.55,63,0,9.22,clear sky
337,Laguna,US,38.421,-121.4238,55.94,85,0,3.44,clear sky
338,Mahina,PF,-17.5065,-149.489,82.17,69,40,2.3,scattered clouds
339,Ajdabiya,LY,30.7554,20.2263,60.87,70,5,16.64,clear sky
340,Cairns,AU,-16.9167,145.7667,84.15,61,100,11.5,overcast clouds
341,Sitka,US,57.0531,-135.33,44.49,87,100,18.41,light rain
342,Port Pirie,AU,-33.1833,138.0167,79.0,47,100,6.64,light rain
343,Strezhevoy,RU,60.7333,77.5889,-5.03,91,6,5.99,clear sky
344,Bella Union,UY,-30.2752,-57.6007,59.02,64,0,7.2,clear sky
345,Omboue,GA,-1.5746,9.2618,82.02,77,70,4.85,broken clouds
346,Port Hardy,CA,50.6996,-127.4199,44.76,90,100,6.87,light rain
347,Ordynskoye,RU,54.3656,81.8994,13.78,92,52,6.98,broken clouds
348,Oeiras,BR,-7.0253,-42.1311,72.9,90,99,1.59,overcast clouds
349,Santiago,CL,-33.4569,-70.6483,70.99,55,0,6.91,clear sky
350,Dakoro,NE,14.5106,6.765,67.91,11,0,17.07,clear sky
351,Touros,BR,-5.1989,-35.4608,76.1,69,100,9.48,overcast clouds
352,Leticia,CO,-4.2153,-69.9406,71.51,100,100,1.68,light rain
353,Vanavara,RU,60.34,102.2797,-3.8,87,100,7.76,overcast clouds
354,Thai Binh,VN,20.45,106.3333,63.95,90,100,12.12,overcast clouds
355,Buala,SB,-8.145,159.5921,80.98,84,100,7.54,light rain
356,Yulara,AU,-25.2406,130.9889,90.48,39,100,11.9,overcast clouds
357,Pajan,EC,-1.5667,-80.4167,72.1,97,100,1.57,moderate rain
358,Doctor Arroyo,MX,23.6667,-100.1833,41.05,89,100,3.53,overcast clouds
359,Hershey,US,40.2859,-76.6503,35.01,90,8,3.0,clear sky
360,Tuatapere,NZ,-46.1333,167.6833,52.83,86,0,5.86,clear sky
361,Ler,SS,8.3018,30.1418,84.27,12,39,7.27,scattered clouds
362,Port Blair,IN,11.6667,92.75,84.24,70,40,10.36,scattered clouds
363,Hanna,CA,51.6334,-111.9018,33.85,68,0,10.0,clear sky
364,Kijang,KR,35.2442,129.2139,43.41,28,3,3.85,clear sky
365,Kindu,CD,-2.95,25.95,85.24,55,23,4.23,few clouds
366,Aloleng,PH,16.1307,119.7824,83.28,67,75,15.1,broken clouds
367,Busayra,JO,30.7376,35.6078,53.46,32,17,2.3,few clouds
368,Fukue,JP,32.6881,128.8419,47.64,64,100,20.22,overcast clouds
369,Ust-Kuyga,RU,70.0167,135.6,-45.76,100,98,4.36,overcast clouds
370,Zimovniki,RU,47.1483,42.4633,38.12,61,100,13.51,overcast clouds
371,Strathmore,CA,51.0501,-113.3852,38.82,46,0,15.01,clear sky
372,Kulhudhuffushi,MV,6.6221,73.07,81.34,67,72,13.8,broken clouds
373,Galveston,US,29.3669,-94.9669,49.96,63,29,8.57,scattered clouds
374,Ponoka,CA,52.6768,-113.5815,35.11,69,2,16.69,clear sky
375,Klaksvik,FO,62.2266,-6.589,32.92,69,98,38.7,overcast clouds
376,Sept-Iles,CA,50.2001,-66.3821,14.05,86,100,4.0,overcast clouds
377,Unai,BR,-16.3575,-46.9061,68.11,91,100,1.23,overcast clouds
378,Tonj,SS,7.2737,28.6822,83.77,11,64,6.8,broken clouds
379,Sao Mateus Do Sul,BR,-25.8742,-50.3828,60.8,92,100,1.34,overcast clouds
380,Taiyuan,CN,37.8694,112.5603,39.06,22,0,6.71,clear sky
381,Suntar,RU,62.1444,117.6319,-9.11,94,100,5.17,overcast clouds
382,Qandala,SO,11.472,49.8728,78.96,58,2,11.77,clear sky
383,Maragogi,BR,-9.0122,-35.2225,77.04,78,20,4.38,few clouds
384,Komsomolskiy,UZ,40.4272,71.7189,44.02,87,75,4.61,mist
385,Chernyshevskiy,RU,63.0128,112.4714,-7.49,95,100,6.58,overcast clouds
386,Grand Gaube,MU,-20.0064,57.6608,84.6,65,29,8.99,scattered clouds
387,Morondava,MG,-20.2833,44.2833,81.68,81,100,17.56,light rain
388,Akureyri,IS,65.6835,-18.0878,21.34,78,100,11.01,overcast clouds
389,Never,FR,46.9896,3.159,32.65,62,0,1.14,clear sky
390,Marion,US,39.7684,-86.1555,14.79,88,0,0.0,clear sky
391,Moctezuma,MX,29.8,-109.6667,48.51,31,0,7.92,clear sky
392,Mo I Rana,NO,66.3128,14.1428,31.32,92,75,3.44,shower snow
393,Raudeberg,NO,61.9875,5.1352,38.07,92,100,8.01,overcast clouds
394,Gizo,SB,-8.103,156.8419,81.9,80,100,12.77,moderate rain
395,Kruisfontein,ZA,-34.0033,24.7314,80.89,29,0,4.38,clear sky
396,Cerritos,US,33.8583,-118.0648,68.27,26,0,0.0,clear sky
397,Charters Towers,AU,-20.1,146.2667,86.32,40,81,9.98,broken clouds
398,Arvika,SE,59.6553,12.5852,41.61,87,58,10.49,broken clouds
399,Puerto Penasco,MX,31.3167,-113.5333,62.69,41,0,12.08,clear sky
400,Thinadhoo,MV,0.5333,72.9333,82.63,70,100,15.1,overcast clouds
401,Alassio,IT,44.0039,8.1671,55.49,44,0,5.99,clear sky
402,Jumla,NP,29.2747,82.1838,46.22,60,3,5.21,clear sky
403,Nyrob,RU,60.733,56.7202,9.97,84,72,3.18,broken clouds
404,Poum,NC,-20.2333,164.0167,81.93,85,100,25.21,overcast clouds
405,Boda,CF,4.3189,17.4695,86.77,12,2,7.65,clear sky
406,Olean,US,42.0776,-78.4297,26.29,100,100,0.0,overcast clouds
407,Luan,CH,46.3592,6.9759,28.69,78,0,5.06,clear sky
408,Hasaki,JP,35.7333,140.8333,43.29,79,98,8.66,overcast clouds
409,Lagoa,PT,39.05,-27.9833,59.13,69,100,6.62,overcast clouds
410,Havre,FR,49.5833,0.3333,48.6,100,100,12.66,overcast clouds
411,Yaan,NG,7.3833,8.5667,81.05,17,23,8.46,few clouds
412,Bayshore Gardens,US,27.4253,-82.5904,56.14,75,0,5.75,clear sky
413,Pineville,US,31.3224,-92.4343,34.32,81,0,2.46,clear sky
414,Launceston,AU,-41.45,147.1667,74.84,57,75,11.5,broken clouds
415,Chapais,CA,49.7834,-74.8492,15.28,95,96,6.44,overcast clouds
416,Gornopravdinsk,RU,60.05,69.9,14.23,86,15,9.01,few clouds
417,Newport,GB,51.5877,-2.9984,52.25,86,94,4.0,overcast clouds
418,Soyo,AO,-6.1349,12.3689,80.11,77,81,6.42,broken clouds
419,Amarante Do Maranhao,BR,-5.5667,-46.7422,70.16,99,100,2.8,overcast clouds
420,Rio Gallegos,AR,-51.6226,-69.2181,50.05,71,0,10.36,clear sky
421,Sibolga,ID,1.7427,98.7792,83.57,70,99,4.27,overcast clouds
422,Jasper,US,37.2001,-94.3502,38.82,63,0,1.01,clear sky
423,Tabuny,RU,52.7773,78.7896,17.1,93,100,6.91,overcast clouds
424,Altay,CN,47.8667,88.1167,16.45,71,0,1.23,clear sky
425,Yuksekova,TR,37.5736,44.2872,13.75,100,75,2.3,mist
426,Mount Isa,AU,-20.7333,139.5,89.37,40,40,1.14,scattered clouds
427,Pemangkat,ID,1.1667,108.9667,79.43,81,100,3.89,overcast clouds
428,La Palma,US,33.8464,-118.0467,68.31,28,0,3.44,clear sky
429,Werda,BW,-25.2667,23.2833,83.35,31,5,8.19,clear sky
430,Hervey Bay,AU,-25.2986,152.8535,78.04,67,0,5.99,clear sky
431,Nalut,LY,30.3333,10.85,52.16,53,1,18.21,clear sky
432,Cedar City,US,37.6775,-113.0619,31.39,63,0,0.0,clear sky
433,Manokwari,ID,-0.8667,134.0833,82.54,74,78,4.12,light rain
434,Grand-Santi,GF,4.25,-54.3833,70.74,100,96,2.1,overcast clouds
435,Phonhong,LA,18.5007,102.4166,91.22,31,90,4.16,overcast clouds
436,Curvelo,BR,-18.7564,-44.4308,67.93,95,100,2.53,moderate rain
437,Opuwo,NA,-18.0607,13.84,73.76,42,100,1.41,overcast clouds
438,Freeport,US,40.6576,-73.5832,38.41,90,100,10.36,overcast clouds
439,Itororo,BR,-15.1169,-40.0703,68.81,98,87,2.06,overcast clouds
440,Sola,VU,-13.8833,167.55,80.1,88,100,32.39,light rain
441,Forbes,AU,-33.3833,148.0167,82.92,22,2,4.61,clear sky
442,Madison,US,34.7334,-86.5667,35.76,80,0,7.0,clear sky
443,Ulladulla,AU,-35.35,150.4667,72.77,67,49,4.76,scattered clouds
444,Porto Walter,BR,-8.2686,-72.7439,68.85,99,82,1.9,broken clouds
445,Daru,PG,-9.0763,143.2092,83.37,74,28,4.5,scattered clouds
446,Las Palmas,ES,28.4204,-14.0131,59.79,48,0,5.75,clear sky
447,Port Lincoln,AU,-34.7333,135.8667,68.9,63,10,16.15,clear sky
448,Luderitz,NA,-26.6481,15.1594,82.54,52,34,4.36,scattered clouds
449,Whitehorse,CA,60.7161,-135.0538,27.37,74,75,21.85,broken clouds
450,Mayo,US,38.8876,-76.5119,36.95,93,0,3.44,mist
451,Moron,AR,-34.6534,-58.6198,64.96,68,6,1.72,clear sky
452,Ermoupolis,GR,37.4423,24.9425,55.29,81,75,21.85,broken clouds
453,Liwale,TZ,-9.7667,37.9333,75.49,82,100,3.11,light rain
454,Kirakira,SB,-10.4544,161.9205,79.61,88,100,12.71,light rain
455,Kalamazoo,US,42.2506,-85.55,21.51,73,100,6.91,overcast clouds
456,Santa Maria,BR,-29.6842,-53.8069,56.88,74,0,2.73,clear sky
457,Bodden Town,KY,19.2833,-81.25,73.92,92,0,7.29,clear sky
458,Challapata,BO,-18.9,-66.7667,43.0,85,36,7.78,scattered clouds
459,Teguldet,RU,57.3064,88.1667,7.66,84,93,5.41,overcast clouds
460,Ibotirama,BR,-12.1853,-43.2206,74.21,75,100,2.1,overcast clouds
461,Mormugao,IN,15.4,73.8,77.86,70,24,12.46,few clouds
462,Portland,US,45.5234,-122.6762,45.03,94,4,1.99,clear sky
463,Zhangye,CN,38.9342,100.4517,26.11,47,7,2.24,clear sky
464,Otavi,NA,-19.65,17.3333,75.4,49,47,8.34,scattered clouds
465,Port Macquarie,AU,-31.4333,152.9167,72.9,65,5,6.93,clear sky
466,Praia,CV,14.9215,-23.5087,64.94,82,20,5.75,few clouds
467,Bloemfontein,ZA,-29.1211,26.214,77.72,39,5,3.56,clear sky
468,Dubrovytsya,UA,51.5744,26.565,32.9,79,100,11.99,overcast clouds
469,Bida,NG,9.0833,6.0167,81.72,15,35,4.45,scattered clouds
470,Sinnamary,GF,5.3833,-52.95,76.55,87,100,8.77,overcast clouds
471,Abu Samrah,SY,35.3029,37.1841,55.83,64,36,8.99,scattered clouds
472,Kaitangata,NZ,-46.2817,169.8464,58.93,88,4,5.17,clear sky
473,Dunedin,NZ,-45.8742,170.5036,57.79,76,0,1.99,clear sky
474,Moissala,TD,8.3404,17.7663,83.28,10,74,7.52,broken clouds
475,Karaton,ID,-6.3424,106.1045,83.95,72,98,4.68,overcast clouds
476,Nosy Varika,MG,-20.5833,48.5333,84.54,70,100,8.48,overcast clouds
477,Ruteng,ID,-8.6136,120.4721,70.52,80,100,2.13,moderate rain
478,Bonavista,CA,48.6499,-53.1147,26.11,90,100,14.88,light snow
479,Ostrovnoy,RU,68.0531,39.5131,20.26,89,100,14.79,overcast clouds
480,Turochak,RU,52.2576,87.1224,27.36,70,100,3.18,overcast clouds
481,Olga,RU,43.7444,135.2892,23.99,55,4,9.75,clear sky
482,Waddan,LY,29.1614,16.139,56.41,58,100,7.92,overcast clouds
483,Durazno,UY,-33.4131,-56.5006,54.93,92,0,5.37,clear sky
484,Sistranda,NO,63.7256,8.834,40.89,71,100,31.63,overcast clouds
485,Lanquin,GT,15.5667,-89.9667,63.12,99,63,2.37,broken clouds
486,Lazaro Cardenas,MX,17.9583,-102.2,70.0,87,5,4.5,clear sky
487,Kyrnasivka,UA,48.5955,28.979,34.09,89,100,17.11,overcast clouds
488,Antofagasta,CL,-23.65,-70.4,61.88,85,53,3.71,broken clouds
489,Inta,RU,66.0317,60.1659,3.61,90,100,0.16,overcast clouds
490,Balakovo,RU,52.0278,47.8007,24.58,96,97,5.99,overcast clouds
491,Sovetskiy,RU,61.3614,63.5842,7.56,90,94,7.2,overcast clouds
492,Saint-Georges,GD,12.0564,-61.7485,75.76,79,77,14.85,broken clouds
493,Iquitos,PE,-3.7481,-73.2472,71.64,100,100,4.61,light rain
494,Rock Sound,BS,24.9,-76.2,74.25,81,15,11.32,few clouds
495,Rawson,AR,-43.3002,-65.1023,74.73,29,100,9.51,overcast clouds
496,Alice Springs,AU,-23.7,133.8833,96.22,43,88,8.05,overcast clouds
497,Mugur-Aksy,RU,50.35,90.5,14.31,57,100,3.65,overcast clouds
498,Usinsk,RU,65.9939,57.5281,5.65,85,100,9.48,overcast clouds
499,Mulege,MX,26.8833,-111.9833,59.49,40,0,4.21,clear sky
500,Vao,NC,-22.6667,167.4833,79.84,88,83,26.87,broken clouds
501,Noyabrsk,RU,63.1994,75.4507,-2.18,91,29,12.12,scattered clouds
502,Byron Bay,AU,-28.65,153.6167,76.87,66,6,6.98,clear sky
503,George Town,MY,5.4112,100.3354,91.33,55,20,8.05,few clouds
504,Okhotsk,RU,59.3833,143.3,9.03,82,100,6.51,overcast clouds
505,Udachnyy,RU,66.4167,112.4,-26.55,82,74,4.41,broken clouds
506,Belize,BZ,17.25,-88.75,67.24,99,19,2.37,few clouds
507,Solnechnyy,RU,50.7214,136.6319,2.41,99,100,1.34,overcast clouds
508,Presidencia Roque Saenz Pena,AR,-26.7852,-60.4388,61.57,36,0,3.62,clear sky
509,Whitianga,NZ,-36.8333,175.7,75.02,97,100,9.89,overcast clouds
510,Imperia,IT,43.9667,7.7833,48.42,48,0,2.39,clear sky
511,Rengo,CL,-34.4167,-70.8667,58.03,55,0,1.66,clear sky
512,Bensonville,LR,6.4461,-10.6125,76.55,88,100,1.83,overcast clouds
513,Porbandar,IN,21.6422,69.6093,75.52,56,0,10.0,clear sky
514,Wellington,NZ,-41.2866,174.7756,68.77,83,70,9.22,broken clouds
515,Half Moon Bay,US,37.4636,-122.4286,57.61,81,0,6.91,mist
516,Ola,RU,59.5833,151.2833,2.14,77,61,9.71,broken clouds
517,Oranjemund,NA,-28.55,16.4333,74.86,60,5,4.85,clear sky
518,Waterloo,CA,43.4668,-80.5164,26.47,80,100,9.22,light snow
519,Lata,PT,40.1629,-8.3327,50.05,64,0,5.17,clear sky
520,Quatre Cocos,MU,-20.2078,57.7625,84.31,67,45,12.26,scattered clouds
521,Baturaja,ID,-4.1333,104.1667,83.68,76,81,5.84,broken clouds
522,Moerai,PF,-22.4333,-151.3333,79.48,81,100,17.56,light rain
523,Grimshaw,CA,56.1834,-117.6027,32.83,71,24,16.82,few clouds
524,Malatya,TR,38.5,38.0,33.85,65,75,2.3,broken clouds
525,Korla,CN,41.7597,86.1469,33.01,32,0,8.55,clear sky
526,Mwinilunga,ZM,-11.7358,24.4293,68.18,86,100,7.23,light rain
527,La Ronge,CA,55.1001,-105.2842,33.21,96,94,13.67,overcast clouds
528,Agadez,NE,19.75,10.25,65.44,11,0,3.0,clear sky
529,Nazarovo,RU,56.0064,90.3914,5.36,90,100,5.82,overcast clouds
530,Manavalakurichi,IN,8.1333,77.3,87.89,54,9,4.52,clear sky
531,Katherine,AU,-14.4667,132.2667,88.12,58,100,9.22,overcast clouds
532,Savannah Bight,HN,16.45,-85.85,75.99,67,5,3.31,clear sky
533,Manacapuru,BR,-3.2997,-60.6206,75.78,95,94,2.35,overcast clouds
534,Esperance,AU,-33.8667,121.9,68.59,54,22,11.39,few clouds
535,Fort Nelson,CA,58.8053,-122.7002,1.81,98,100,3.04,overcast clouds
536,Baykit,RU,61.67,96.37,-1.43,86,66,3.27,broken clouds
537,Upata,VE,8.0086,-62.3989,72.19,98,77,2.57,broken clouds
538,Burns Lake,CA,54.2331,-125.7533,27.59,92,100,5.59,overcast clouds
539,Abaza,RU,52.655,90.0928,28.31,64,5,7.52,clear sky
540,Baykalsk,RU,51.5058,104.1469,17.91,90,100,3.65,light snow
541,Kamenka,RU,51.3223,42.7678,31.75,99,100,12.57,overcast clouds
542,College,US,64.8569,-147.8028,-0.08,73,100,4.61,light snow
543,Abha,SA,18.2164,42.5053,62.85,52,20,13.8,few clouds
544,Cacoal,BR,-11.4386,-61.4472,71.8,98,100,2.71,moderate rain
545,Idrinskoye,RU,54.3708,92.1358,8.62,92,98,2.26,overcast clouds
546,Trinidad,BO,-14.8333,-64.9,67.98,87,53,2.75,broken clouds
547,Telesti,RO,45.0,23.0833,39.87,46,0,8.7,clear sky
548,Nacozari,MX,25.3366,-108.2574,50.05,56,0,5.46,clear sky
549,Nuuk,GL,64.1835,-51.7216,2.01,71,100,3.44,overcast clouds
550,Havoysund,NO,70.9963,24.6622,29.28,77,43,14.88,scattered clouds
551,Merauke,ID,-8.4667,140.3333,83.35,74,100,8.16,heavy intensity rain
552,Chacabuco,AR,-34.6417,-60.4739,53.13,86,0,5.3,clear sky
553,Leh,IN,34.1667,77.5833,9.01,84,56,1.54,broken clouds
554,Margate,GB,51.3813,1.3862,51.96,73,84,5.99,broken clouds
555,Senador Jose Porfirio,BR,-2.5908,-51.9542,72.5,97,100,1.74,heavy intensity rain
556,Najran,SA,17.4924,44.1277,66.07,23,32,5.64,scattered clouds
557,Coos Bay,US,43.3665,-124.2179,48.99,100,100,5.75,overcast clouds
558,Teeli,RU,51.0333,90.2333,12.83,74,93,2.26,overcast clouds
559,Yuxia,CN,34.0615,108.6291,38.61,57,100,3.74,overcast clouds
560,Vilyuysk,RU,63.7553,121.6247,-18.0,97,100,3.56,overcast clouds
561,Naze,JP,28.3667,129.4833,59.72,84,83,25.84,broken clouds
562,Porto De Moz,BR,-1.7483,-52.2383,72.05,98,100,2.44,moderate rain
563,Sao Francisco,BR,-15.9486,-44.8644,68.92,97,100,1.66,overcast clouds
564,Bushehr,IR,28.9684,50.8385,61.72,51,0,19.04,clear sky
565,Chifeng,CN,42.2683,118.9636,32.59,30,0,1.12,clear sky
566,Goderich,CA,43.7501,-81.7165,27.91,85,76,8.7,broken clouds
567,Fort-Shevchenko,KZ,44.5086,50.263,38.34,66,28,14.2,scattered clouds
568,Rudnogorsk,RU,57.2639,103.7519,4.48,86,100,6.69,overcast clouds
569,Mount Darwin,ZW,-16.7725,31.5838,76.19,66,8,5.44,light rain
570,Buraydah,SA,26.326,43.975,61.32,27,0,4.7,clear sky
571,Muisne,EC,0.6,-80.0333,74.25,90,100,1.97,light rain
572,Egvekinot,RU,66.3167,-179.1667,-18.53,66,0,13.71,clear sky
573,Peterhead,GB,57.5058,-1.7981,43.2,71,31,16.96,scattered clouds
574,Namatanai,PG,-3.6667,152.4333,82.35,77,45,6.31,scattered clouds
575,Kurumkan,RU,54.3,110.3,9.27,92,63,0.72,broken clouds
576,Kuryk,KZ,43.2,51.65,39.42,53,20,12.24,few clouds
577,Kavieng,PG,-2.5744,150.7967,83.7,74,25,8.43,scattered clouds
578,Neyshabur,IR,36.2133,58.7958,41.09,40,0,2.98,clear sky
579,Makokou,GA,0.5738,12.8642,81.48,64,37,3.58,scattered clouds
580,Zaozerne,UA,45.1582,33.2787,46.94,88,100,9.01,overcast clouds
581,Cocorit,MX,27.5833,-109.9667,59.0,33,0,2.57,clear sky
582,Vostok,RU,46.4856,135.8833,5.86,97,100,3.58,overcast clouds
583,Balakhta,RU,55.38,91.6,9.18,88,100,4.43,overcast clouds
584,Margarita,PA,9.3314,-79.8889,74.98,81,20,5.97,few clouds
585,Acarau,BR,-2.8856,-40.12,77.16,85,28,7.47,scattered clouds
586,Arlit,NE,18.7369,7.3853,69.3,9,0,5.91,clear sky
587,Kupang,ID,-10.1667,123.5833,84.33,73,60,8.39,broken clouds
588,Rudsar,IR,37.1376,50.288,50.05,63,98,6.02,overcast clouds
589,Gamba,GA,-2.65,10.0,80.38,82,100,4.85,overcast clouds
590,Ketou,BJ,7.3633,2.5998,80.37,71,18,0.96,few clouds
591,Zakamensk,RU,50.3741,103.2863,20.39,62,96,1.19,overcast clouds
592,Bose,IT,45.4612,8.0137,44.2,40,0,0.43,clear sky
593,Alexandria,EG,31.2156,29.9553,62.02,40,15,12.26,few clouds
594,Peniche,PT,39.3558,-9.3811,54.93,59,0,13.44,clear sky
595,Sambava,MG,-14.2667,50.1667,85.17,66,53,7.02,broken clouds
596,Hue,VN,16.4667,107.6,80.71,74,40,4.61,scattered clouds
597,Pampa,US,35.5362,-100.9599,38.57,55,0,9.22,clear sky
598,Avera,US,33.194,-82.5271,42.67,73,100,5.59,overcast clouds
599,Podor,MR,16.6527,-14.9587,71.73,13,0,8.77,clear sky
600,Evensk,RU,61.95,159.2333,-1.53,66,9,9.51,clear sky
601,Nurota,UZ,40.5614,65.6886,41.09,55,83,10.33,broken clouds
602,Lerwick,GB,60.1545,-1.1494,41.0,68,93,30.98,overcast clouds
603,Anloga,GH,5.7947,0.8973,81.14,79,62,6.69,broken clouds
604,Thunder Bay,CA,48.4001,-89.3168,22.55,99,99,1.19,overcast clouds
605,High Level,CA,58.5169,-117.136,-4.85,99,78,1.97,broken clouds
606,Namibe,AO,-15.1961,12.1522,74.93,68,94,7.96,overcast clouds
607,Teguise,ES,29.0605,-13.564,64.62,56,0,6.91,clear sky
608,Beidao,CN,34.5686,105.8933,31.05,67,100,4.12,overcast clouds
609,Yuanping,CN,38.7153,112.7575,35.62,20,1,3.36,clear sky
610,Ipixuna,BR,-1.7625,-48.8043,76.95,99,93,2.13,overcast clouds
611,Vagay,RU,57.9375,69.0217,12.0,90,100,7.76,overcast clouds
612,Bentiu,SS,9.2333,29.8333,83.52,12,95,8.66,overcast clouds
613,Rutana,BI,-3.8667,30.1,63.59,82,98,1.39,overcast clouds
614,Lasa,IT,46.6166,10.7002,31.03,63,26,8.37,scattered clouds
615,Khani,GE,41.9563,42.9566,38.77,86,42,7.7,scattered clouds
616,Cotonou,BJ,6.3654,2.4183,81.05,78,25,3.4,scattered clouds
617,Baraboo,US,43.4711,-89.7443,23.14,68,100,3.44,overcast clouds
618,Granadilla De Abona,ES,28.1188,-16.576,67.98,14,0,13.8,clear sky
619,Kargasok,RU,59.0556,80.8572,1.4,88,6,5.46,clear sky
620,Stornoway,GB,58.2093,-6.3865,39.16,88,75,14.97,broken clouds
621,Bell Ville,AR,-32.6259,-62.6887,56.23,76,0,5.23,clear sky
622,Indianola,US,41.3581,-93.5574,31.91,91,8,6.76,clear sky
623,Lyuban,BY,52.7985,28.0048,31.06,85,100,11.36,overcast clouds
624,Lodja,CD,-3.4833,23.4333,86.9,52,31,3.49,scattered clouds
625,Bambanglipuro,ID,-7.95,110.2833,84.24,71,98,4.83,heavy intensity rain
626,Mizdah,LY,31.4451,12.9801,50.79,69,1,15.77,clear sky
627,Sorland,NO,67.667,12.6934,35.46,93,100,28.03,overcast clouds
628,Mayumba,GA,-3.432,10.6554,79.7,86,98,7.54,overcast clouds
629,Balkanabat,TM,39.5108,54.3671,48.38,44,0,8.05,clear sky
630,Greeneville,US,36.1632,-82.831,37.4,77,40,5.75,scattered clouds
631,Miracema Do Tocantins,BR,-9.5618,-48.3967,72.19,95,88,0.49,overcast clouds
632,Garowe,SO,8.4054,48.4845,81.05,34,6,18.72,clear sky
633,Coquimbo,CL,-29.9533,-71.3436,60.53,82,0,3.44,clear sky
634,Carberry,CA,49.8689,-99.3602,27.64,84,4,16.71,clear sky
635,Khorinsk,RU,52.1657,109.7726,20.23,73,57,10.65,broken clouds
636,Mokhsogollokh,RU,61.4681,128.9203,-18.92,100,100,2.28,overcast clouds
637,Wattegama,LK,6.7989,81.4808,85.12,41,100,9.82,light rain
638,San Policarpo,PH,12.1791,125.5072,80.4,77,98,13.35,overcast clouds
639,Atasu,KZ,48.6814,71.6433,17.56,91,39,5.53,scattered clouds
640,Coahuayana,MX,18.7333,-103.6833,66.99,79,2,4.25,clear sky
641,Nizhniy Kuranakh,RU,58.8353,125.4869,-4.11,99,100,1.48,overcast clouds
642,Lydenburg,ZA,-25.0978,30.4597,78.4,41,7,3.02,clear sky
643,Iwaki,JP,37.05,140.8833,44.02,50,35,2.51,scattered clouds
644,Jiayuguan,CN,39.8167,98.3,24.53,47,59,2.08,broken clouds
645,Tahlequah,US,35.9154,-94.97,40.28,69,0,0.0,clear sky
646,Kidal,ML,18.4411,1.4078,66.27,11,2,9.95,clear sky
647,Taoudenni,ML,22.6783,-3.9836,64.4,15,0,7.94,clear sky
648,Cap Malheureux,MU,-19.9842,57.6142,85.46,63,29,11.01,scattered clouds
649,Shiraz,IR,29.6036,52.5388,47.64,34,0,0.0,clear sky
650,Vestmanna,FO,62.1564,-7.1664,31.12,93,100,34.52,light snow
651,Beringovskiy,RU,63.05,179.3167,-22.95,91,5,10.71,clear sky
652,Wahpeton,US,46.2652,-96.6059,22.91,92,0,16.11,clear sky
653,Torata,PE,-17.0769,-70.8433,57.24,76,100,1.03,overcast clouds
654,Petropavlovsk-Kamchatskiy,RU,53.0452,158.6483,27.19,100,75,6.71,light shower snow
655,Ust-Maya,RU,60.4167,134.5333,-11.22,97,100,0.74,overcast clouds
656,Ucluelet,CA,48.9329,-125.5528,44.1,92,60,2.17,broken clouds
657,Nizhniy Odes,RU,63.6445,54.856,8.24,88,99,7.92,overcast clouds
658,Morro Bay,US,35.3658,-120.8499,55.33,59,0,3.62,clear sky
659,Bilibino,RU,68.0546,166.4372,-20.85,72,11,3.89,few clouds
660,Manggar,ID,-2.8833,108.2667,81.3,69,100,12.26,overcast clouds
661,Lumeje,AO,-11.55,20.7833,68.07,85,100,6.26,light rain
662,Kargil,IN,34.5667,76.1,6.84,77,100,1.81,overcast clouds
663,Danane,CI,7.2596,-8.155,69.8,72,95,1.7,overcast clouds
664,Boa Vista,BR,2.8197,-60.6733,76.98,83,0,2.3,clear sky
665,Harnosand,SE,62.6323,17.9379,32.0,93,100,9.75,light snow
666,Ambilobe,MG,-13.2,49.05,85.87,67,14,8.93,few clouds
667,Nizwa,OM,22.9333,57.5333,72.57,22,3,5.44,clear sky
668,Bemidji,US,47.4736,-94.8803,19.08,90,0,5.75,clear sky
669,Potiskum,NG,11.7091,11.0694,71.92,19,6,13.47,clear sky
670,Kinel,RU,53.2333,50.65,18.64,95,94,4.72,overcast clouds
671,Iranshahr,IR,27.2025,60.6848,65.07,41,0,5.12,clear sky
672,Toora-Khem,RU,52.4675,96.11,12.56,74,90,0.13,overcast clouds
673,Kasungu,MW,-13.0333,33.4833,75.13,72,97,2.51,overcast clouds
674,Taguatinga,BR,-12.3857,-46.5711,70.59,91,100,1.63,overcast clouds
675,Eureka,US,40.8021,-124.1637,46.92,92,17,4.85,few clouds
676,Vienne,AT,48.2085,16.3721,43.81,66,20,17.0,few clouds
677,Honningsvag,NO,70.9821,25.9704,26.35,80,20,17.27,few clouds
678,Kangaatsiaq,GL,68.3065,-53.4641,-17.1,97,82,8.08,broken clouds
679,Millinocket,US,45.6573,-68.7098,33.82,93,100,0.0,snow
680,Bom Jesus,BR,-9.0744,-44.3586,72.66,86,83,0.89,broken clouds
681,Kalmunai,LK,7.4167,81.8167,82.47,65,81,14.63,broken clouds
682,Yuancheng,CN,36.652,107.7896,26.94,55,75,3.65,broken clouds
683,Elk City,US,35.412,-99.4043,41.22,36,0,9.22,clear sky
684,Myitkyina,MM,25.3833,97.4,78.46,28,0,1.32,clear sky
685,Pierre,US,44.3683,-100.351,46.27,44,0,11.99,clear sky
686,Marsala,IT,37.7966,12.4352,54.0,51,2,20.96,clear sky
687,Emba,KZ,48.8264,58.1442,21.47,91,100,8.19,overcast clouds
688,Riyadh,SA,24.6877,46.7219,62.74,27,0,4.14,clear sky
689,Watsa,CD,3.0372,29.5355,82.36,19,60,6.44,broken clouds
690,Voh,NC,-20.9667,164.7,79.57,89,100,13.47,overcast clouds
691,Puerto Carreno,CO,6.189,-67.4859,76.01,85,100,3.44,overcast clouds
692,Atbasar,KZ,51.8,68.3333,19.08,92,36,9.35,scattered clouds
693,Hangu,CN,39.2489,117.7892,46.44,25,0,6.42,clear sky
694,Buchanan,LR,5.8808,-10.0467,76.96,83,85,1.28,overcast clouds
695,Talcahuano,CL,-36.7167,-73.1167,55.08,94,0,4.61,clear sky
696,Natal,BR,-5.795,-35.2094,75.85,88,40,4.61,scattered clouds
697,Corinto,GR,37.9407,22.9573,45.9,68,63,3.0,broken clouds
698,Wanning,CN,18.8003,110.3967,73.81,87,98,10.58,overcast clouds
699,Gbarnga,LR,6.9956,-9.4722,72.39,94,80,0.87,broken clouds
700,Hovd,MN,48.0056,91.6419,-1.68,77,6,3.62,clear sky
701,Jadu,LY,31.953,12.0261,45.72,83,11,11.45,few clouds
702,Andradas,BR,-22.0681,-46.5692,66.06,98,100,3.24,overcast clouds
703,Melbu,NO,68.5044,14.8297,35.38,64,75,16.11,light snow
704,Romny,UA,50.751,33.4747,32.54,99,100,11.68,overcast clouds
705,Tchibanga,GA,-2.85,11.0333,78.3,86,95,0.76,overcast clouds
706,East Wenatchee Bench,US,47.4257,-120.2812,42.13,76,0,11.5,clear sky
707,Tartus,SY,34.889,35.8866,63.5,69,59,15.84,broken clouds
